EventID,Region,Region (source),Duration,TimeStep,Original Burst Depth (mm),Area,AspectRatio,Rotation,Burst Start Time,Lat,Long
3565,Central Slopes,Central Slopes,720,30,80.397,100,1.5,1.5707963,2376,-29.7875,151.4125
3566,Central Slopes,Central Slopes,720,30,79.273,100,1.5,1.5707963,2245,-29.9125,151.4125
3567,Central Slopes,Central Slopes,720,30,77.385,100,3.6,1.5707963,2853,-29.8125,151.2875
3568,Central Slopes,Central Slopes,720,30,74.96,100,1.5,1.5707963,2922,-29.8125,151.4375
3569,Central Slopes,Central Slopes,720,30,66.157,100,3.6,1.5707963,2446,-28.2125,152.0875
3570,Central Slopes,Central Slopes,720,30,63.729,100,1.5,1.5707963,2613,-29.9125,151.4125
3571,Central Slopes,Central Slopes,720,30,60.734,100,1.5,1.5707963,2432,-29.9375,151.4125
3572,Central Slopes,Murray Basin,720,30,183.483,100,1.5,0,1921,-35.4125,148.8375
3573,Central Slopes,Murray Basin,720,30,114.591,100,1.5,0.7853982,3060,-37.4625,145.2375
3574,Central Slopes,Murray Basin,720,30,106.059,100,1.5,1.5707963,1068,-35.5125,148.8875
3575,Central Slopes,Central Slopes,720,30,77.169,200,2.3,0,2376,-29.8375,151.4125
3576,Central Slopes,Central Slopes,720,30,73.492,200,2.3,1.5707963,2853,-29.8125,151.2875
3577,Central Slopes,Central Slopes,720,30,72.509,200,2.3,0,2922,-29.8375,151.4375
3578,Central Slopes,Central Slopes,720,30,62.503,200,2.3,1.5707963,2447,-28.2125,152.0875
3579,Central Slopes,Central Slopes,720,30,58.497,200,2.3,1.5707963,2431,-29.9375,151.3875
3580,Central Slopes,Central Slopes,720,30,54.481,200,3.6,2.3561945,2591,-31.3875,151.0375
3581,Central Slopes,Murray Basin,720,30,176.026,200,2.3,0,1921,-35.4125,148.8375
3582,Central Slopes,Murray Basin,720,30,111.026,200,2.3,0.7853982,3060,-37.4625,145.2375
3583,Central Slopes,Murray Basin,720,30,101.841,200,2.3,0,788,-35.5625,148.8375
3584,Central Slopes,Murray Basin,720,30,99.784,200,2.3,1.5707963,1068,-35.5125,148.8875
3585,Central Slopes,Central Slopes,720,30,102.464,500,1.5,0.7853982,3559,-28.0125,151.9625
3586,Central Slopes,Central Slopes,720,30,93.929,500,3.6,1.5707963,2963,-31.3125,149.6625
3587,Central Slopes,Central Slopes,720,30,79.941,500,3.6,1.5707963,1268,-28.3375,152.3125
3588,Central Slopes,Central Slopes,720,30,77.316,500,3.6,0,2792,-28.5125,150.9125
3589,Central Slopes,Murray Basin,720,30,156.07,500,1.5,0.7853982,1921,-35.3875,148.8125
3590,Central Slopes,Murray Basin,720,30,115.19,500,2.3,1.5707963,1874,-36.7375,146.3875
3591,Central Slopes,Murray Basin,720,30,105.916,500,2.3,1.5707963,790,-35.6625,149.5125
3592,Central Slopes,Murray Basin,720,30,101.898,500,2.3,0.7853982,3060,-37.4625,145.2375
3593,Central Slopes,Murray Basin,720,30,94.375,500,2.3,1.5707963,1299,-35.6875,149.4625
3594,Central Slopes,Murray Basin,720,30,90.505,500,2.3,1.5707963,1068,-35.5125,148.8875
3595,Central Slopes,Central Slopes,720,30,103.11,1000,1.5,2.3561945,3185,-33.7375,150.0125
3596,Central Slopes,Central Slopes,720,30,76.64,1000,2.3,0,2792,-28.4875,150.9125
3597,Central Slopes,Central Slopes,720,30,73.9,1000,2.3,2.3561945,2939,-31.4375,151.1625
3598,Central Slopes,Central Slopes,720,30,73.58,1000,2.3,1.5707963,3401,-28.9375,151.9125
3599,Central Slopes,Central Slopes,720,30,72.63,1000,3.6,0.7853982,2429,-30.1875,151.1625
3600,Central Slopes,Central Slopes,720,30,69.68,1000,2.3,1.5707963,2374,-29.6875,150.9125
3601,Central Slopes,Central Slopes,720,30,69.02,1000,2.3,2.3561945,2245,-29.8375,151.3125
3602,Central Slopes,Central Slopes,720,30,64.09,1000,2.3,1.5707963,3165,-29.9375,151.3625
3603,Central Slopes,Central Slopes,720,30,60,1000,2.3,2.3561945,1893,-28.1875,152.3625
3604,Central Slopes,Central Slopes,720,30,53.89,1000,1.5,0.7853982,1378,-33.4875,149.9125
3605,Central Slopes,Central Slopes,720,30,96.27,2500,1.5,0,2937,-30.3875,150.5125
3606,Central Slopes,Central Slopes,720,30,91.28,2500,1.5,0,3185,-33.6875,150.0125
3607,Central Slopes,Central Slopes,720,30,88.57,2500,2.3,2.3561945,3559,-27.9875,152.0125
3608,Central Slopes,Central Slopes,720,30,88.65,2500,2.3,1.5707963,2096,-31.3875,150.7125
3609,Central Slopes,Central Slopes,720,30,87.59,2500,2.3,0.7853982,2615,-29.4875,150.4625
3610,Central Slopes,Central Slopes,720,30,82.84,2500,2.3,0.7853982,617,-28.2375,152.2125
3611,Central Slopes,Central Slopes,720,30,80.73,2500,3.6,1.5707963,3436,-26.8875,151.2625
3612,Central Slopes,Central Slopes,720,30,71.65,2500,2.3,0.7853982,2429,-30.1875,151.1625
3613,Central Slopes,Central Slopes,720,30,66.46,2500,2.3,2.3561945,2244,-29.7375,151.1625
3614,Central Slopes,Central Slopes,720,30,65.34,2500,3.6,2.3561945,1529,-33.3375,150.0125
3615,Central Slopes,Central Slopes,720,30,94.51,5000,3.6,1.5707963,2964,-31.2875,149.3125
3616,Central Slopes,Central Slopes,720,30,81.42,5000,1.5,1.5707963,2615,-29.5875,150.2125
3617,Central Slopes,Central Slopes,720,30,80.15,5000,1.5,0.7853982,3186,-33.7875,149.9125
3618,Central Slopes,Central Slopes,720,30,78.33,5000,1.5,0,1985,-28.6875,151.3125
3619,Central Slopes,Central Slopes,720,30,78.11,5000,3.6,1.5707963,449,-27.2875,151.6125
3620,Central Slopes,Central Slopes,720,30,77.75,5000,1.5,1.5707963,3559,-27.9875,152.0125
3621,Central Slopes,Central Slopes,720,30,77.71,5000,3.6,1.5707963,3437,-26.8875,151.2125
3622,Central Slopes,Central Slopes,720,30,76.41,5000,1.5,0.7853982,617,-28.2875,152.2125
3623,Central Slopes,Central Slopes,720,30,76.16,5000,1.5,1.5707963,2097,-31.4875,150.8125
3624,Central Slopes,Central Slopes,720,30,68.25,5000,3.6,0,2040,-28.2875,152.4125
3625,Central Slopes,Central Slopes,720,30,99.4,10000,2.3,2.3561945,612,-31.0875,150.1125
3626,Central Slopes,Central Slopes,720,30,88.7,10000,2.3,2.3561945,2070,-30.7875,150.5125
3627,Central Slopes,Central Slopes,720,30,85.78,10000,3.6,1.5707963,2964,-31.2875,149.4125
3628,Central Slopes,Central Slopes,720,30,83.98,10000,2.3,2.3561945,2938,-30.7875,150.7125
3629,Central Slopes,Central Slopes,720,30,83.55,10000,3.6,1.5707963,268,-27.1875,151.6125
3630,Central Slopes,Central Slopes,720,30,82.38,10000,1.5,1.5707963,621,-28.3875,152.2125
3631,Central Slopes,Central Slopes,720,30,75.12,10000,2.3,1.5707963,2615,-29.5875,150.1125
3632,Central Slopes,Central Slopes,720,30,74.5,10000,1.5,0.7853982,3437,-27.0875,151.2125
3633,Central Slopes,Central Slopes,720,30,71.67,10000,3.6,1.5707963,448,-27.4875,151.8125
3634,Central Slopes,Central Slopes,720,30,69.62,10000,2.3,1.5707963,2097,-31.4875,150.7125
3635,Central Slopes,Central Slopes,720,30,98.45,20000,3.6,1.570796,629,-28.3625,152.2625
3636,Central Slopes,Central Slopes,720,30,91.91,20000,3.6,2.356194,611,-30.3625,149.0125
3637,Central Slopes,Central Slopes,720,30,80.41,20000,3.6,1.570796,269,-27.1125,151.3875
3638,Central Slopes,Central Slopes,720,30,78.56,20000,3.6,2.356194,2936,-29.2375,149.1375
3639,Central Slopes,Central Slopes,720,30,76.84,20000,3.6,1.570796,447,-27.9875,152.1375
3640,Central Slopes,Central Slopes,720,30,75.77,20000,1.5,2.356194,2071,-30.7375,150.5125
3641,Central Slopes,Central Slopes,720,30,65.38,20000,1.5,0,3437,-27.2375,151.2625
3642,Central Slopes,Central Slopes,720,30,68.09,20000,3.6,2.356194,182,-33.7375,149.6375
3643,Central Slopes,Central Slopes,720,30,66.53,20000,2.3,2.356194,781,-33.8625,149.8875
3644,Central Slopes,Central Slopes,720,30,63.78,20000,2.3,2.356194,78,-31.4875,151.0125
3645,Central Slopes,Central Slopes,720,30,80.85,40000,3.6,2.3561945,2936,-29.3625,149.3875
3646,Central Slopes,Central Slopes,720,30,76.57,40000,2.3,1.5707963,629,-28.3625,152.0125
3647,Central Slopes,Central Slopes,720,30,64.03,40000,2.3,1.5707963,448,-27.6125,151.8875
3648,Central Slopes,Central Slopes,720,30,55.7,40000,1.5,1.5707963,182,-33.8625,149.5125
3649,Central Slopes,Central Slopes,720,30,53.94,40000,2.3,1.5707963,2612,-29.7375,150.0125
3650,Central Slopes,Central Slopes,720,30,53.41,40000,3.6,0,2909,-28.4875,151.3875
3651,Central Slopes,Central Slopes,720,30,45.95,40000,1.5,0.7853982,2844,-33.4875,149.6375
3652,Central Slopes,Central Slopes,720,30,45.7,40000,3.6,2.3561945,559,-33.3625,149.5125
3653,Central Slopes,Murray Basin,720,30,57.47,40000,2.3,2.3561945,3056,-37.2375,145.7625
3654,Central Slopes,Murray Basin,720,30,53.59,40000,1.5,1.5707963,2233,-37.1125,147.6375
3655,Central Slopes,Central Slopes,1080,60,106.175,100,1.5,1.5707963,2851,-29.8375,151.2875
3656,Central Slopes,Central Slopes,1080,60,96.461,100,1.5,1.5707963,2373,-29.7875,151.4125
3657,Central Slopes,Central Slopes,1080,60,82.966,100,1.5,1.5707963,3193,-29.7875,151.4125
3658,Central Slopes,Central Slopes,1080,60,81.101,100,1.5,1.5707963,2431,-29.9375,151.4125
3659,Central Slopes,Central Slopes,1080,60,78.012,100,1.5,1.5707963,2906,-29.9375,151.4375
3660,Central Slopes,Central Slopes,1080,60,76.596,100,3.6,1.5707963,2791,-29.7875,151.1125
3661,Central Slopes,Central Slopes,1080,60,68.852,100,1.5,1.5707963,2613,-29.9125,151.4125
3662,Central Slopes,Central Slopes,1080,60,65.837,100,3.6,0,2288,-29.8625,151.1375
3663,Central Slopes,Murray Basin,1080,60,219.712,100,1.5,0,1919,-35.4125,148.8375
3664,Central Slopes,Murray Basin,1080,60,141.514,100,1.5,0.7853982,3054,-37.4625,145.2375
3665,Central Slopes,Central Slopes,1080,60,91.779,200,2.3,0,2373,-29.8375,151.4125
3666,Central Slopes,Central Slopes,1080,60,77.552,200,1.5,1.5707963,2431,-29.9375,151.4125
3667,Central Slopes,Central Slopes,1080,60,76.895,200,2.3,0.7853982,2923,-29.7375,151.3875
3668,Central Slopes,Central Slopes,1080,60,69.286,200,2.3,1.5707963,2289,-29.9375,151.3875
3669,Central Slopes,Central Slopes,1080,60,62.835,200,3.6,2.3561945,2590,-31.3875,151.0375
3670,Central Slopes,Murray Basin,1080,60,210.946,200,2.3,0,1919,-35.4125,148.8375
3671,Central Slopes,Murray Basin,1080,60,166.266,200,2.3,1.5707963,1872,-36.7375,146.4375
3672,Central Slopes,Murray Basin,1080,60,137.776,200,2.3,0.7853982,3054,-37.4625,145.2375
3673,Central Slopes,Murray Basin,1080,60,125.683,200,1.5,0,1897,-35.3625,148.8375
3674,Central Slopes,Murray Basin,1080,60,118.954,200,2.3,0.7853982,2303,-36.6625,147.4125
3675,Central Slopes,Central Slopes,1080,60,113.759,500,1.5,0.7853982,3558,-28.0125,151.9375
3676,Central Slopes,Central Slopes,1080,60,101.153,500,3.6,1.5707963,2963,-31.3125,149.6625
3677,Central Slopes,Central Slopes,1080,60,96.927,500,1.5,2.3561945,2851,-29.8375,151.3125
3678,Central Slopes,Central Slopes,1080,60,90.587,500,1.5,0.7853982,2222,-31.3375,150.9375
3679,Central Slopes,Central Slopes,1080,60,87.034,500,2.3,1.5707963,3282,-29.7875,151.3375
3680,Central Slopes,Central Slopes,1080,60,86.369,500,1.5,0,2373,-29.8125,151.3875
3681,Central Slopes,Murray Basin,1080,60,187.656,500,1.5,0.7853982,1919,-35.4125,148.8375
3682,Central Slopes,Murray Basin,1080,60,151.858,500,2.3,1.5707963,1872,-36.7375,146.3625
3683,Central Slopes,Murray Basin,1080,60,131.307,500,2.3,2.3561945,787,-35.5375,149.4375
3684,Central Slopes,Murray Basin,1080,60,128.231,500,2.3,0.7853982,3054,-37.4625,145.2375
3685,Central Slopes,Central Slopes,1080,60,113.66,1000,3.6,2.3561945,2935,-30.2375,150.4125
3686,Central Slopes,Central Slopes,1080,60,107.71,1000,3.6,2.3561945,3186,-33.6875,149.9625
3687,Central Slopes,Central Slopes,1080,60,91.67,1000,2.3,0.7853982,2852,-29.8375,151.3125
3688,Central Slopes,Central Slopes,1080,60,85.32,1000,2.3,2.3561945,2221,-31.3875,150.9625
3689,Central Slopes,Central Slopes,1080,60,82.89,1000,2.3,1.5707963,3283,-29.7875,151.3625
3690,Central Slopes,Central Slopes,1080,60,82.73,1000,2.3,0,2373,-29.7875,151.4125
3691,Central Slopes,Central Slopes,1080,60,71.54,1000,3.6,1.5707963,3028,-28.2375,152.3125
3692,Central Slopes,Central Slopes,1080,60,71.78,1000,3.6,2.3561945,1528,-33.1375,149.9625
3693,Central Slopes,Central Slopes,1080,60,68.59,1000,1.5,0,2846,-32.7875,150.0125
3694,Central Slopes,Central Slopes,1080,60,67.2,1000,1.5,1.5707963,2237,-31.4375,150.9625
3695,Central Slopes,Central Slopes,1080,60,122.79,2500,2.3,0.7853982,616,-28.2375,152.2625
3696,Central Slopes,Central Slopes,1080,60,107.56,2500,2.3,0,2931,-30.4375,150.5625
3697,Central Slopes,Central Slopes,1080,60,106.44,2500,1.5,2.3561945,3186,-33.6875,149.9625
3698,Central Slopes,Central Slopes,1080,60,100.89,2500,2.3,0.7853982,2611,-29.4875,150.4625
3699,Central Slopes,Central Slopes,1080,60,99.29,2500,2.3,2.3561945,3558,-27.9875,151.9625
3700,Central Slopes,Central Slopes,1080,60,98.71,2500,3.6,2.3561945,2072,-30.4375,150.6125
3701,Central Slopes,Central Slopes,1080,60,95.5,2500,2.3,2.3561945,1527,-33.4875,150.0125
3702,Central Slopes,Central Slopes,1080,60,93.04,2500,1.5,0,2577,-26.4875,148.8125
3703,Central Slopes,Central Slopes,1080,60,81.39,2500,2.3,2.3561945,2221,-31.3375,150.9625
3704,Central Slopes,Central Slopes,1080,60,80.89,2500,2.3,0.7853982,2287,-30.3375,150.7625
3705,Central Slopes,Central Slopes,1080,60,99.21,5000,3.6,0.7853982,615,-28.2875,152.2125
3706,Central Slopes,Central Slopes,1080,60,93.03,5000,1.5,0,2611,-29.6875,150.4125
3707,Central Slopes,Central Slopes,1080,60,93.08,5000,1.5,2.3561945,3186,-33.6875,149.8125
3708,Central Slopes,Central Slopes,1080,60,89.28,5000,1.5,2.3561945,1526,-33.4875,150.0125
3709,Central Slopes,Central Slopes,1080,60,87.36,5000,1.5,1.5707963,3558,-27.9875,152.0125
3710,Central Slopes,Central Slopes,1080,60,84.56,5000,3.6,0,2909,-27.4875,151.2125
3711,Central Slopes,Central Slopes,1080,60,84.33,5000,1.5,0,1985,-28.7875,151.3125
3712,Central Slopes,Central Slopes,1080,60,79.59,5000,3.6,2.3561945,134,-31.6875,150.6125
3713,Central Slopes,Central Slopes,1080,60,77.27,5000,1.5,2.3561945,2286,-30.3875,150.6125
3714,Central Slopes,Central Slopes,1080,60,76.46,5000,1.5,1.5707963,2037,-27.7875,152.0125
3715,Central Slopes,Central Slopes,1080,60,140.17,10000,3.6,1.5707963,610,-31.1875,149.6125
3716,Central Slopes,Central Slopes,1080,60,132.56,10000,3.6,0.7853982,3380,-31.3875,148.8125
3717,Central Slopes,Central Slopes,1080,60,117.06,10000,2.3,1.5707963,620,-28.1875,152.2125
3718,Central Slopes,Central Slopes,1080,60,109.26,10000,3.6,1.5707963,267,-27.1875,151.6125
3719,Central Slopes,Central Slopes,1080,60,101.29,10000,1.5,1.5707963,444,-27.8875,152.1125
3720,Central Slopes,Central Slopes,1080,60,82.22,10000,2.3,1.5707963,2610,-29.5875,150.1125
3721,Central Slopes,Central Slopes,1080,60,81.92,10000,2.3,0,2909,-27.5875,151.1125
3722,Central Slopes,Central Slopes,1080,60,79.29,10000,2.3,1.5707963,3398,-28.4875,152.0125
3723,Central Slopes,Central Slopes,1080,60,78.99,10000,2.3,2.3561945,3558,-27.7875,151.7125
3724,Central Slopes,Central Slopes,1080,60,78.43,10000,2.3,2.3561945,134,-31.5875,150.6125
3725,Central Slopes,Central Slopes,1080,60,128.49,20000,3.6,1.570796,624,-28.3625,152.2625
3726,Central Slopes,Central Slopes,1080,60,118.45,20000,3.6,1.570796,442,-27.9875,152.1375
3727,Central Slopes,Central Slopes,1080,60,118.39,20000,2.3,1.570796,610,-31.1125,150.0125
3728,Central Slopes,Central Slopes,1080,60,91.58,20000,3.6,2.356194,2934,-29.3625,149.3875
3729,Central Slopes,Central Slopes,1080,60,86.97,20000,2.3,1.570796,2068,-30.8625,150.2625
3730,Central Slopes,Central Slopes,1080,60,86.25,20000,3.6,2.356194,1109,-29.6125,151.8875
3731,Central Slopes,Central Slopes,1080,60,86.69,20000,3.6,2.356194,179,-33.7375,149.6375
3732,Central Slopes,Central Slopes,1080,60,78.35,20000,3.6,1.570796,1737,-27.9875,152.1375
3733,Central Slopes,Central Slopes,1080,60,78.75,20000,3.6,2.356194,777,-33.7375,149.7625
3734,Central Slopes,Central Slopes,1080,60,77.95,20000,2.3,1.570796,3398,-28.3625,152.1375
3735,Central Slopes,Central Slopes,1080,60,101.25,40000,2.3,1.570796,624,-28.3625,152.0125
3736,Central Slopes,Central Slopes,1080,60,94.71,40000,3.6,2.356194,2934,-29.3625,149.2625
3737,Central Slopes,Central Slopes,1080,60,83.8,40000,2.3,1.570796,442,-27.9875,152.0125
3738,Central Slopes,Central Slopes,1080,60,70.61,40000,1.5,1.570796,179,-33.8625,149.5125
3739,Central Slopes,Central Slopes,1080,60,69.61,40000,2.3,2.356194,2038,-28.3625,152.1375
3740,Central Slopes,Central Slopes,1080,60,64.97,40000,2.3,1.570796,2964,-31.2375,149.8875
3741,Central Slopes,Central Slopes,1080,60,61.64,40000,2.3,1.570796,2612,-29.6125,150.0125
3742,Central Slopes,Central Slopes,1080,60,62.61,40000,2.3,2.356194,559,-33.8625,149.6375
3743,Central Slopes,Central Slopes,1080,60,60.43,40000,3.6,0,2909,-28.3625,151.2625
3744,Central Slopes,Central Slopes,1080,60,60.08,40000,2.3,1.570796,3110,-28.3625,152.0125
3745,Central Slopes,Central Slopes,1440,60,106.307,100,1.5,1.5707963,2372,-29.7875,151.4125
3746,Central Slopes,Central Slopes,1440,60,86.921,100,1.5,1.5707963,2905,-29.9375,151.4375
3747,Central Slopes,Central Slopes,1440,60,81.046,100,1.5,1.5707963,2607,-29.9125,151.4125
3748,Central Slopes,Central Slopes,1440,60,80.111,100,3.6,1.5707963,2790,-29.7875,151.1125
3749,Central Slopes,Murray Basin,1440,60,165.374,100,1.5,0.7853982,3047,-37.4625,145.2625
3750,Central Slopes,Murray Basin,1440,60,155.241,100,1.5,1.5707963,3058,-36.7625,146.3125
3751,Central Slopes,Murray Basin,1440,60,143.416,100,1.5,0.7853982,2299,-36.6625,147.4375
3752,Central Slopes,Murray Basin,1440,60,132.915,100,3.6,1.5707963,1296,-35.7375,149.3875
3753,Central Slopes,Murray Basin,1440,60,132.801,100,1.5,1.5707963,1370,-35.1875,149.1125
3754,Central Slopes,Murray Basin,1440,60,128.908,100,1.5,0,1360,-35.4625,148.8375
3755,Central Slopes,Central Slopes,1440,60,101.241,200,2.3,0,2371,-29.8125,151.4125
3756,Central Slopes,Central Slopes,1440,60,83.397,200,2.3,1.5707963,2905,-29.9375,151.4375
3757,Central Slopes,Central Slopes,1440,60,65.38,200,3.6,2.3561945,2589,-31.3875,151.0375
3758,Central Slopes,Murray Basin,1440,60,190.776,200,2.3,1.5707963,1870,-36.7375,146.4375
3759,Central Slopes,Murray Basin,1440,60,161.957,200,2.3,0.7853982,3047,-37.4625,145.2375
3760,Central Slopes,Murray Basin,1440,60,150.287,200,2.3,0.7853982,3058,-36.7625,146.3125
3761,Central Slopes,Murray Basin,1440,60,137.58,200,3.6,1.5707963,1296,-35.7125,149.4125
3762,Central Slopes,Murray Basin,1440,60,136.145,200,1.5,1.5707963,2299,-36.6625,147.4125
3763,Central Slopes,Murray Basin,1440,60,129.883,200,1.5,0,1894,-35.3625,148.8375
3764,Central Slopes,Murray Basin,1440,60,122.561,200,2.3,1.5707963,1064,-35.5125,148.9375
3765,Central Slopes,Central Slopes,1440,60,148.494,500,1.5,0.7853982,3556,-28.0125,151.9375
3766,Central Slopes,Central Slopes,1440,60,126.86,500,1.5,1.5707963,2848,-29.8625,151.3125
3767,Central Slopes,Central Slopes,1440,60,104.373,500,1.5,1.5707963,2932,-31.0375,151.2875
3768,Central Slopes,Central Slopes,1440,60,99.57,500,3.6,0,2618,-29.1125,150.7375
3769,Central Slopes,Central Slopes,1440,60,99.297,500,2.3,0.7853982,2375,-28.1625,151.8375
3770,Central Slopes,Central Slopes,1440,60,96.049,500,1.5,0,2371,-29.8125,151.3875
3771,Central Slopes,Murray Basin,1440,60,193.214,500,2.3,1.5707963,785,-35.7125,149.5125
3772,Central Slopes,Murray Basin,1440,60,174.146,500,2.3,1.5707963,1870,-36.7375,146.3625
3773,Central Slopes,Murray Basin,1440,60,154.726,500,1.5,1.5707963,1296,-35.7125,149.5125
3774,Central Slopes,Murray Basin,1440,60,151.619,500,2.3,0.7853982,3047,-37.4625,145.2625
3775,Central Slopes,Central Slopes,1440,60,134.45,1000,3.6,2.3561945,3185,-33.6875,149.9625
3776,Central Slopes,Central Slopes,1440,60,120.64,1000,2.3,1.5707963,2849,-29.8375,151.3125
3777,Central Slopes,Central Slopes,1440,60,91.92,1000,2.3,0,2371,-29.7875,151.4125
3778,Central Slopes,Central Slopes,1440,60,72.93,1000,3.6,2.3561945,2014,-28.0375,152.2625
3779,Central Slopes,Central Slopes,1440,60,71.26,1000,1.5,2.3561945,1018,-33.7875,149.9625
3780,Central Slopes,Central Slopes,1440,60,69.7,1000,2.3,1.5707963,2430,-29.9375,151.4125
3781,Central Slopes,Central Slopes,1440,60,66.36,1000,3.6,0.7853982,1646,-28.0875,152.3125
3782,Central Slopes,Central Slopes,1440,60,68.04,1000,2.3,1.5707963,3215,-28.1875,152.2625
3783,Central Slopes,Central Slopes,1440,60,57.04,1000,3.6,2.3561945,1082,-33.8375,149.8125
3784,Central Slopes,Murray Basin,1440,60,170.19,1000,2.3,2.3561945,1917,-35.4875,148.8625
3785,Central Slopes,Central Slopes,1440,60,174.24,2500,1.5,1.5707963,614,-28.3375,152.3125
3786,Central Slopes,Central Slopes,1440,60,133.09,2500,1.5,2.3561945,3185,-33.6875,149.9625
3787,Central Slopes,Central Slopes,1440,60,130.88,2500,1.5,0,2930,-30.3375,150.5125
3788,Central Slopes,Central Slopes,1440,60,127.98,2500,2.3,2.3561945,3556,-27.9375,151.9125
3789,Central Slopes,Central Slopes,1440,60,109.66,2500,2.3,0.7853982,2070,-30.5375,150.6625
3790,Central Slopes,Central Slopes,1440,60,109.01,2500,2.3,1.5707963,2849,-29.8375,151.2625
3791,Central Slopes,Central Slopes,1440,60,104.45,2500,2.3,2.3561945,1523,-33.3375,150.0125
3792,Central Slopes,Central Slopes,1440,60,93.05,2500,2.3,2.3561945,2221,-31.3375,150.9625
3793,Central Slopes,Central Slopes,1440,60,89.19,2500,2.3,1.5707963,2371,-29.6875,151.1125
3794,Central Slopes,Central Slopes,1440,60,84.68,2500,2.3,0.7853982,2905,-29.3375,151.7125
3795,Central Slopes,Central Slopes,1440,60,154.16,5000,1.5,0.7853982,613,-28.2875,152.3125
3796,Central Slopes,Central Slopes,1440,60,124.05,5000,1.5,0,2931,-30.3875,150.5125
3797,Central Slopes,Central Slopes,1440,60,112.3,5000,1.5,1.5707963,3556,-27.9875,152.0125
3798,Central Slopes,Central Slopes,1440,60,115.92,5000,1.5,2.3561945,3186,-33.6875,149.8125
3799,Central Slopes,Central Slopes,1440,60,112.05,5000,1.5,2.3561945,1525,-33.4875,150.0125
3800,Central Slopes,Central Slopes,1440,60,96.43,5000,2.3,1.5707963,441,-27.1875,151.7125
3801,Central Slopes,Central Slopes,1440,60,93.99,5000,1.5,1.5707963,2850,-29.7875,151.2125
3802,Central Slopes,Central Slopes,1440,60,93.52,5000,1.5,0,1985,-28.7875,151.3125
3803,Central Slopes,Central Slopes,1440,60,84.27,5000,1.5,2.3561945,2221,-31.3875,150.9125
3804,Central Slopes,Central Slopes,1440,60,83.52,5000,1.5,1.5707963,2371,-29.6875,151.1125
3805,Central Slopes,Central Slopes,1440,60,158.55,10000,2.3,1.5707963,618,-28.1875,152.2125
3806,Central Slopes,Central Slopes,1440,60,153.59,10000,2.3,1.5707963,610,-31.2875,149.5125
3807,Central Slopes,Central Slopes,1440,60,140.5,10000,3.6,0.7853982,3379,-31.3875,148.8125
3808,Central Slopes,Central Slopes,1440,60,133.75,10000,3.6,2.3561945,3535,-27.0875,148.2125
3809,Central Slopes,Central Slopes,1440,60,125.44,10000,1.5,1.5707963,438,-27.8875,152.1125
3810,Central Slopes,Central Slopes,1440,60,119.64,10000,3.6,1.5707963,266,-27.1875,151.4125
3811,Central Slopes,Central Slopes,1440,60,113.34,10000,1.5,0,2931,-30.3875,150.5125
3812,Central Slopes,Central Slopes,1440,60,105.5,10000,1.5,0.7853982,3186,-33.7875,149.8125
3813,Central Slopes,Central Slopes,1440,60,104.51,10000,2.3,1.5707963,2605,-29.5875,149.9125
3814,Central Slopes,Central Slopes,1440,60,103.39,10000,2.3,2.3561945,3027,-29.7875,150.0125
3815,Central Slopes,Central Slopes,1440,60,155.11,20000,3.6,1.570796,438,-27.9875,152.1375
3816,Central Slopes,Central Slopes,1440,60,151.94,20000,3.6,1.570796,619,-28.3625,152.2625
3817,Central Slopes,Central Slopes,1440,60,128.16,20000,1.5,1.570796,610,-31.3625,150.0125
3818,Central Slopes,Central Slopes,1440,60,109.68,20000,2.3,1.570796,266,-27.1125,151.5125
3819,Central Slopes,Central Slopes,1440,60,100.02,20000,3.6,2.356194,2933,-30.6125,150.5125
3820,Central Slopes,Central Slopes,1440,60,99.42,20000,3.6,1.570796,472,-29.6125,151.8875
3821,Central Slopes,Central Slopes,1440,60,96.63,20000,3.6,1.570796,1737,-27.9875,152.1375
3822,Central Slopes,Central Slopes,1440,60,94.66,20000,1.5,1.570796,2069,-30.7375,150.1375
3823,Central Slopes,Central Slopes,1440,60,94.84,20000,3.6,2.356194,774,-33.7375,149.7625
3824,Central Slopes,Central Slopes,1440,60,94.76,20000,3.6,2.356194,2036,-28.3625,152.2625
3825,Central Slopes,Central Slopes,1440,60,121.23,40000,2.3,1.570796,619,-28.3625,152.0125
3826,Central Slopes,Central Slopes,1440,60,111.27,40000,2.3,1.570796,438,-27.8625,152.0125
3827,Central Slopes,Central Slopes,1440,60,101.12,40000,3.6,2.356194,2929,-29.4875,149.3875
3828,Central Slopes,Central Slopes,1440,60,85.64,40000,1.5,2.356194,779,-33.8625,149.7625
3829,Central Slopes,Central Slopes,1440,60,86.24,40000,2.3,2.356194,2034,-28.3625,152.1375
3830,Central Slopes,Central Slopes,1440,60,82.02,40000,3.6,2.356194,3557,-26.9875,151.0125
3831,Central Slopes,Central Slopes,1440,60,76.54,40000,1.5,1.570796,2604,-29.6125,149.5125
3832,Central Slopes,Central Slopes,1440,60,76.55,40000,1.5,1.570796,176,-33.8625,149.5125
3833,Central Slopes,Central Slopes,1440,60,76.31,40000,2.3,1.570796,1737,-28.1125,151.8875
3834,Central Slopes,Central Slopes,1440,60,74.99,40000,2.3,2.356194,554,-33.8625,149.6375
3835,Central Slopes,Central Slopes,2160,120,150.467,100,3.6,1.5707963,2843,-29.8375,151.2625
3836,Central Slopes,Central Slopes,2160,120,106.536,100,1.5,0.7853982,2579,-29.7125,151.0125
3837,Central Slopes,Central Slopes,2160,120,102.44,100,1.5,1.5707963,2905,-29.9375,151.4375
3838,Central Slopes,Central Slopes,2160,120,102.027,100,1.5,1.5707963,2613,-29.9375,151.4125
3839,Central Slopes,Central Slopes,2160,120,91.342,100,3.6,1.5707963,2789,-29.7875,151.1125
3840,Central Slopes,Central Slopes,2160,120,84.256,100,1.5,0.7853982,2928,-29.8625,151.0125
3841,Central Slopes,Murray Basin,2160,120,224.594,100,1.5,0.7853982,3057,-36.7875,146.3625
3842,Central Slopes,Murray Basin,2160,120,175.601,100,1.5,1.5707963,3045,-37.4625,145.2125
3843,Central Slopes,Murray Basin,2160,120,158.583,100,3.6,1.5707963,1294,-35.7375,149.3875
3844,Central Slopes,Murray Basin,2160,120,152.117,100,1.5,0.7853982,2294,-36.6625,147.4375
3845,Central Slopes,Central Slopes,2160,120,98.809,200,2.3,1.5707963,2905,-29.9375,151.4625
3846,Central Slopes,Central Slopes,2160,120,90.524,200,3.6,0.7853982,3214,-29.1125,151.6875
3847,Central Slopes,Murray Basin,2160,120,216.78,200,2.3,1.5707963,3057,-36.7875,146.3375
3848,Central Slopes,Murray Basin,2160,120,170.556,200,2.3,0.7853982,3045,-37.4625,145.2375
3849,Central Slopes,Murray Basin,2160,120,166.521,200,3.6,1.5707963,1294,-35.7125,149.4125
3850,Central Slopes,Murray Basin,2160,120,144.832,200,1.5,1.5707963,2294,-36.6625,147.4125
3851,Central Slopes,Murray Basin,2160,120,130.137,200,1.5,1.5707963,1357,-35.4625,148.8125
3852,Central Slopes,Murray Basin,2160,120,113.485,200,2.3,0,2733,-35.4375,149.0625
3853,Central Slopes,Murray Basin,2160,120,111.568,200,2.3,0.7853982,1198,-35.6875,149.2375
3854,Central Slopes,Murray Basin,2160,120,110.967,200,2.3,0,572,-35.5125,148.9125
3855,Central Slopes,Central Slopes,2160,120,110.755,500,2.3,0.7853982,2370,-28.1625,151.8375
3856,Central Slopes,Central Slopes,2160,120,106.718,500,3.6,1.5707963,2587,-31.7375,150.7375
3857,Central Slopes,Central Slopes,2160,120,99.397,500,2.3,0.7853982,2614,-29.1375,151.3875
3858,Central Slopes,Murray Basin,2160,120,213.234,500,1.5,0.7853982,781,-35.7625,149.5125
3859,Central Slopes,Murray Basin,2160,120,200.289,500,2.3,1.5707963,3057,-36.7875,146.3875
3860,Central Slopes,Murray Basin,2160,120,193.823,500,1.5,1.5707963,1294,-35.7125,149.5125
3861,Central Slopes,Murray Basin,2160,120,167.645,500,2.3,2.3561945,2154,-35.9625,149.5125
3862,Central Slopes,Murray Basin,2160,120,158.861,500,2.3,0.7853982,3045,-37.4625,145.2375
3863,Central Slopes,Murray Basin,2160,120,153.71,500,2.3,0.7853982,178,-35.5125,148.8625
3864,Central Slopes,Murray Basin,2160,120,133.805,500,2.3,1.5707963,2295,-36.6625,147.3875
3865,Central Slopes,Central Slopes,2160,120,107.57,1000,2.3,0,2092,-30.9375,150.2625
3866,Central Slopes,Central Slopes,2160,120,97.25,1000,2.3,0,2905,-29.5375,151.7125
3867,Central Slopes,Central Slopes,2160,120,91.53,1000,2.3,2.3561945,3214,-29.1875,151.7625
3868,Central Slopes,Central Slopes,2160,120,87.34,1000,3.6,0.7853982,296,-28.1375,152.3625
3869,Central Slopes,Central Slopes,2160,120,84.3,1000,2.3,0.7853982,3514,-28.6875,151.9625
3870,Central Slopes,Central Slopes,2160,120,73.56,1000,2.3,1.5707963,2588,-29.4375,151.1125
3871,Central Slopes,Murray Basin,2160,120,169.93,1000,1.5,1.5707963,3063,-36.7375,146.4125
3872,Central Slopes,Murray Basin,2160,120,164.32,1000,2.3,0.7853982,2158,-36.0875,149.5625
3873,Central Slopes,Murray Basin,2160,120,112.08,1000,2.3,2.3561945,513,-35.5875,148.8625
3874,Central Slopes,Murray Basin,2160,120,110.42,1000,2.3,0,1032,-36.1375,149.4625
3875,Central Slopes,Central Slopes,2160,120,139.24,2500,1.5,2.356194,2042,-28.0375,152.3125
3876,Central Slopes,Central Slopes,2160,120,132.99,2500,2.3,2.356194,2100,-28.4875,150.3625
3877,Central Slopes,Central Slopes,2160,120,124.92,2500,1.5,1.570796,2847,-29.7875,151.2125
3878,Central Slopes,Central Slopes,2160,120,111.28,2500,3.6,1.570796,432,-27.1875,151.3125
3879,Central Slopes,Central Slopes,2160,120,109.94,2500,1.5,1.570796,3433,-27.9375,150.2625
3880,Central Slopes,Central Slopes,2160,120,104.6,2500,2.3,2.356194,2788,-28.1875,150.7625
3881,Central Slopes,Central Slopes,2160,120,103.55,2500,1.5,0,2092,-30.9375,150.2625
3882,Central Slopes,Central Slopes,2160,120,94.36,2500,2.3,0,2905,-29.4875,151.7125
3883,Central Slopes,Central Slopes,2160,120,93.26,2500,3.6,1.570796,1017,-33.8375,149.8625
3884,Central Slopes,Central Slopes,2160,120,85.52,2500,3.6,1.570796,2844,-33.3875,149.0625
3885,Central Slopes,Central Slopes,2160,120,126.31,5000,2.3,0,2909,-27.5875,151.0125
3886,Central Slopes,Central Slopes,2160,120,120.39,5000,3.6,2.3561945,2026,-27.4875,151.7125
3887,Central Slopes,Central Slopes,2160,120,117.33,5000,1.5,0,2070,-30.7875,150.7125
3888,Central Slopes,Central Slopes,2160,120,116.38,5000,1.5,1.5707963,2846,-29.7875,151.2125
3889,Central Slopes,Central Slopes,2160,120,109.83,5000,2.3,1.5707963,431,-27.1875,151.7125
3890,Central Slopes,Central Slopes,2160,120,101.35,5000,2.3,0.7853982,3435,-27.7875,150.4125
3891,Central Slopes,Central Slopes,2160,120,98.46,5000,1.5,0,2092,-30.8875,150.2125
3892,Central Slopes,Central Slopes,2160,120,94.1,5000,3.6,2.3561945,2788,-27.9875,150.5125
3893,Central Slopes,Central Slopes,2160,120,91.52,5000,1.5,0,2905,-29.5875,151.6125
3894,Central Slopes,Central Slopes,2160,120,87.98,5000,2.3,0,1020,-33.5875,149.8125
3895,Central Slopes,Central Slopes,2160,120,181.15,10000,1.5,1.570796,613,-28.1875,152.2125
3896,Central Slopes,Central Slopes,2160,120,163.72,10000,3.6,2.356194,3534,-27.1875,148.1125
3897,Central Slopes,Central Slopes,2160,120,152.38,10000,1.5,1.570796,435,-27.8875,152.1125
3898,Central Slopes,Central Slopes,2160,120,134.25,10000,1.5,1.570796,2602,-29.5875,150.0125
3899,Central Slopes,Central Slopes,2160,120,124.7,10000,2.3,1.570796,2028,-27.6875,151.8125
3900,Central Slopes,Central Slopes,2160,120,123.98,10000,1.5,0,2909,-27.6875,150.9125
3901,Central Slopes,Central Slopes,2160,120,122.39,10000,3.6,1.570796,387,-29.4875,149.3125
3902,Central Slopes,Central Slopes,2160,120,121.53,10000,2.3,2.356194,768,-33.5875,149.9125
3903,Central Slopes,Central Slopes,2160,120,113.47,10000,2.3,2.356194,3554,-26.7875,150.5125
3904,Central Slopes,Central Slopes,2160,120,108.96,10000,2.3,2.356194,2100,-28.2875,150.2125
3905,Central Slopes,Central Slopes,2160,120,192.17,20000,3.6,1.570796,433,-27.9875,152.1375
3906,Central Slopes,Central Slopes,2160,120,168.15,20000,3.6,1.570796,614,-28.3625,152.2625
3907,Central Slopes,Central Slopes,2160,120,123.83,20000,3.6,1.570796,463,-29.6125,151.8875
3908,Central Slopes,Central Slopes,2160,120,118.15,20000,3.6,2.356194,65,-29.1125,152.0125
3909,Central Slopes,Central Slopes,2160,120,116.12,20000,3.6,1.570796,2022,-27.4875,151.7625
3910,Central Slopes,Central Slopes,2160,120,115.2,20000,1.5,1.570796,918,-27.1125,151.3875
3911,Central Slopes,Central Slopes,2160,120,114.73,20000,1.5,1.570796,2601,-29.6125,149.8875
3912,Central Slopes,Central Slopes,2160,120,114.08,20000,3.6,2.356194,769,-33.6125,149.6375
3913,Central Slopes,Central Slopes,2160,120,116.06,20000,3.6,2.356194,2683,-29.6125,151.8875
3914,Central Slopes,Central Slopes,2160,120,110.49,20000,3.6,2.356194,1178,-33.2375,150.0125
3915,Central Slopes,Central Slopes,2160,120,139.79,40000,2.3,1.5707963,433,-27.8625,152.0125
3916,Central Slopes,Central Slopes,2160,120,135.01,40000,2.3,1.5707963,614,-28.3625,152.0125
3917,Central Slopes,Central Slopes,2160,120,108.66,40000,3.6,2.3561945,2027,-28.2375,152.0125
3918,Central Slopes,Central Slopes,2160,120,99.91,40000,2.3,2.3561945,2683,-29.6125,151.8875
3919,Central Slopes,Central Slopes,2160,120,98.36,40000,3.6,2.3561945,3555,-26.9875,150.8875
3920,Central Slopes,Central Slopes,2160,120,96.38,40000,1.5,0.7853982,2909,-27.7375,150.6375
3921,Central Slopes,Central Slopes,2160,120,96.44,40000,1.5,1.5707963,2601,-29.6125,149.6375
3922,Central Slopes,Central Slopes,2160,120,95.03,40000,2.3,2.3561945,766,-31.2375,151.5125
3923,Central Slopes,Central Slopes,2160,120,93.37,40000,1.5,1.5707963,918,-27.2375,151.6375
3924,Central Slopes,Central Slopes,2160,120,88.55,40000,2.3,1.5707963,3103,-28.2375,152.0125
3925,Central Slopes,Central Slopes,2880,120,126.853,100,3.6,0,2369,-29.8375,151.4125
3926,Central Slopes,Central Slopes,2880,120,124.789,100,3.6,0.7853982,2579,-29.8125,151.1125
3927,Central Slopes,Central Slopes,2880,120,118.388,100,1.5,1.5707963,2607,-29.9125,151.3875
3928,Central Slopes,Central Slopes,2880,120,97.967,100,1.5,1.5707963,2788,-29.7875,151.0875
3929,Central Slopes,Central Slopes,2880,120,90.492,100,1.5,0.7853982,2927,-29.8625,151.0125
3930,Central Slopes,Murray Basin,2880,120,277.699,100,1.5,0.7853982,3052,-36.7875,146.3875
3931,Central Slopes,Murray Basin,2880,120,171.589,100,3.6,1.5707963,1293,-35.7125,149.3875
3932,Central Slopes,Murray Basin,2880,120,145.98,100,1.5,2.3561945,1707,-35.9875,149.4625
3933,Central Slopes,Murray Basin,2880,120,143.14,100,1.5,0,1358,-35.4625,148.8375
3934,Central Slopes,Murray Basin,2880,120,139.824,100,3.6,0,1016,-34.0875,149.9375
3935,Central Slopes,Central Slopes,2880,120,99.554,200,3.6,0.7853982,3212,-29.1125,151.6875
3936,Central Slopes,Murray Basin,2880,120,267.412,200,2.3,1.5707963,3052,-36.7875,146.3625
3937,Central Slopes,Murray Basin,2880,120,183.048,200,3.6,1.5707963,1293,-35.7125,149.4125
3938,Central Slopes,Murray Basin,2880,120,182.248,200,2.3,0.7853982,781,-35.7375,149.4125
3939,Central Slopes,Murray Basin,2880,120,134.831,200,1.5,1.5707963,1358,-35.4625,148.8125
3940,Central Slopes,Murray Basin,2880,120,126.592,200,2.3,0.7853982,1197,-35.6875,149.2375
3941,Central Slopes,Murray Basin,2880,120,117.523,200,2.3,0,571,-35.4875,148.9125
3942,Central Slopes,Murray Basin,2880,120,113.384,200,1.5,0,483,-35.5375,148.8875
3943,Central Slopes,Murray Basin,2880,120,104.764,200,2.3,1.5707963,2709,-37.4875,145.3125
3944,Central Slopes,Murray Basin,2880,120,104.448,200,2.3,0,568,-35.5125,148.8875
3945,Central Slopes,Central Slopes,2880,120,111.314,500,2.3,0.7853982,2925,-28.2625,152.1375
3946,Central Slopes,Murray Basin,2880,120,247.817,500,2.3,1.5707963,3053,-36.7875,146.3875
3947,Central Slopes,Murray Basin,2880,120,217.177,500,2.3,1.5707963,770,-35.7125,149.5125
3948,Central Slopes,Murray Basin,2880,120,207.769,500,3.6,1.5707963,1294,-35.6875,149.4625
3949,Central Slopes,Murray Basin,2880,120,198.984,500,2.3,2.3561945,2152,-35.9625,149.5125
3950,Central Slopes,Murray Basin,2880,120,133.308,500,1.5,1.5707963,563,-35.9625,149.5125
3951,Central Slopes,Murray Basin,2880,120,127.888,500,2.3,0.7853982,520,-35.8375,149.3375
3952,Central Slopes,Murray Basin,2880,120,118.47,500,2.3,0.7853982,1196,-35.6375,149.2125
3953,Central Slopes,Murray Basin,2880,120,115.835,500,3.6,0.7853982,641,-35.5375,149.1125
3954,Central Slopes,Murray Basin,2880,120,112.495,500,2.3,1.5707963,490,-36.8375,145.9375
3955,Central Slopes,Central Slopes,2880,120,117.94,1000,2.3,0,2091,-30.8875,150.2625
3956,Central Slopes,Central Slopes,2880,120,99.57,1000,2.3,2.3561945,3212,-29.1875,151.7625
3957,Central Slopes,Central Slopes,2880,120,89.77,1000,3.6,0.7853982,3513,-28.7375,151.9625
3958,Central Slopes,Central Slopes,2880,120,81.95,1000,3.6,2.3561945,295,-28.1875,152.2625
3959,Central Slopes,Murray Basin,2880,120,224.14,1000,1.5,1.5707963,3056,-36.7375,146.4125
3960,Central Slopes,Murray Basin,2880,120,174.41,1000,2.3,1.5707963,2159,-36.1375,149.5125
3961,Central Slopes,Murray Basin,2880,120,133.79,1000,1.5,0.7853982,1709,-35.9375,149.5125
3962,Central Slopes,Murray Basin,2880,120,113.55,1000,3.6,2.3561945,508,-35.6375,148.9125
3963,Central Slopes,Murray Basin,2880,120,104.95,1000,2.3,2.3561945,1195,-35.6375,149.1625
3964,Central Slopes,Murray Basin,2880,120,106.01,1000,2.3,2.3561945,639,-35.5875,149.1125
3965,Central Slopes,Central Slopes,2880,120,162.03,2500,2.3,1.5707963,2603,-29.5375,150.2125
3966,Central Slopes,Central Slopes,2880,120,157.37,2500,1.5,2.3561945,2041,-27.9875,152.3625
3967,Central Slopes,Central Slopes,2880,120,151.26,2500,2.3,0,2099,-28.1875,150.2125
3968,Central Slopes,Central Slopes,2880,120,145.7,2500,1.5,0,2926,-29.8875,150.3625
3969,Central Slopes,Central Slopes,2880,120,114.3,2500,1.5,0,2091,-30.8375,150.2625
3970,Central Slopes,Central Slopes,2880,120,113.07,2500,2.3,1.5707963,2787,-28.2375,150.7625
3971,Central Slopes,Central Slopes,2880,120,110.15,2500,2.3,2.3561945,2368,-29.7375,151.1625
3972,Central Slopes,Central Slopes,2880,120,93.18,2500,2.3,0,3513,-28.6875,151.9625
3973,Central Slopes,Central Slopes,2880,120,91.04,2500,2.3,2.3561945,3213,-29.2375,151.7125
3974,Central Slopes,Central Slopes,2880,120,91.05,2500,3.6,0.7853982,296,-28.2875,152.2625
3975,Central Slopes,Central Slopes,2880,120,138.82,5000,3.6,2.356194,2016,-27.3875,151.7125
3976,Central Slopes,Central Slopes,2880,120,133.23,5000,3.6,0,2908,-27.5875,151.0125
3977,Central Slopes,Central Slopes,2880,120,123.16,5000,3.6,2.356194,3437,-27.3875,151.1125
3978,Central Slopes,Central Slopes,2880,120,117.86,5000,1.5,1.570796,2586,-31.5875,150.7125
3979,Central Slopes,Central Slopes,2880,120,109.98,5000,3.6,2.356194,1038,-28.0875,151.5125
3980,Central Slopes,Central Slopes,2880,120,110.55,5000,1.5,0,2091,-30.6875,150.3125
3981,Central Slopes,Central Slopes,2880,120,107.03,5000,1.5,1.570796,2787,-28.1875,150.7125
3982,Central Slopes,Central Slopes,2880,120,103.81,5000,1.5,1.570796,2368,-29.6875,151.0125
3983,Central Slopes,Central Slopes,2880,120,99.03,5000,3.6,2.356194,161,-30.5875,151.1125
3984,Central Slopes,Central Slopes,2880,120,85.42,5000,2.3,0,2684,-29.1875,152.0125
3985,Central Slopes,Central Slopes,2880,120,180.75,10000,3.6,1.5707963,610,-31.2875,149.7125
3986,Central Slopes,Central Slopes,2880,120,173.86,10000,1.5,1.5707963,435,-27.8875,152.1125
3987,Central Slopes,Central Slopes,2880,120,171.22,10000,2.3,0.7853982,3533,-27.6875,148.7125
3988,Central Slopes,Central Slopes,2880,120,169,10000,1.5,0.7853982,917,-27.0875,151.4125
3989,Central Slopes,Central Slopes,2880,120,156.68,10000,1.5,2.3561945,55,-33.8875,149.7125
3990,Central Slopes,Central Slopes,2880,120,148.55,10000,2.3,2.3561945,763,-33.5875,149.9125
3991,Central Slopes,Central Slopes,2880,120,146.66,10000,2.3,1.5707963,2018,-27.6875,151.8125
3992,Central Slopes,Central Slopes,2880,120,143.02,10000,1.5,1.5707963,2603,-29.5875,150.1125
3993,Central Slopes,Central Slopes,2880,120,136.53,10000,2.3,2.3561945,2098,-28.1875,150.1125
3994,Central Slopes,Central Slopes,2880,120,128.12,10000,2.3,1.5707963,160,-30.8875,151.4125
3995,Central Slopes,Central Slopes,2880,120,217.8,20000,3.6,1.570796,428,-27.9875,152.1375
3996,Central Slopes,Central Slopes,2880,120,157.53,20000,1.5,1.570796,610,-31.2375,150.1375
3997,Central Slopes,Central Slopes,2880,120,145.04,20000,3.6,2.356194,763,-33.6125,149.6375
3998,Central Slopes,Central Slopes,2880,120,142.84,20000,1.5,1.570796,917,-27.1125,151.3875
3999,Central Slopes,Central Slopes,2880,120,146.82,20000,3.6,2.356194,64,-29.2375,152.0125
4000,Central Slopes,Central Slopes,2880,120,141.27,20000,3.6,2.356194,2019,-28.2375,152.2625
4001,Central Slopes,Central Slopes,2880,120,129.85,20000,3.6,2.356194,2677,-29.7375,151.7625
4002,Central Slopes,Central Slopes,2880,120,132.15,20000,3.6,2.356194,1172,-33.2375,150.0125
4003,Central Slopes,Central Slopes,2880,120,122.5,20000,1.5,1.570796,2603,-29.6125,150.0125
4004,Central Slopes,Central Slopes,2880,120,117.09,20000,1.5,0,2907,-27.6125,150.8875
4005,Central Slopes,Central Slopes,2880,120,159.16,40000,2.3,1.5707963,428,-27.8625,152.0125
4006,Central Slopes,Central Slopes,2880,120,143.93,40000,1.5,1.5707963,610,-31.2375,150.1375
4007,Central Slopes,Central Slopes,2880,120,133.46,40000,2.3,2.3561945,2017,-28.3625,152.1375
4008,Central Slopes,Central Slopes,2880,120,116.49,40000,1.5,1.5707963,917,-27.2375,151.6375
4009,Central Slopes,Central Slopes,2880,120,111.26,40000,3.6,1.5707963,2609,-29.8625,151.3875
4010,Central Slopes,Central Slopes,2880,120,113.66,40000,2.3,2.3561945,764,-33.4875,149.5125
4011,Central Slopes,Central Slopes,2880,120,109.25,40000,1.5,1.5707963,2680,-30.1125,151.6375
4012,Central Slopes,Central Slopes,2880,120,104.52,40000,2.3,1.5707963,3099,-28.3625,152.0125
4013,Central Slopes,Central Slopes,2880,120,103.53,40000,3.6,2.3561945,3552,-26.9875,150.8875
4014,Central Slopes,Central Slopes,2880,120,101.12,40000,1.5,0.7853982,2907,-27.7375,150.6375
4015,Central Slopes,Central Slopes,4320,180,142.749,100,3.6,0,2367,-29.8375,151.4125
4016,Central Slopes,Murray Basin,4320,180,288.201,100,1.5,0.7853982,3045,-36.7875,146.3875
4017,Central Slopes,Murray Basin,4320,180,236.827,100,1.5,0.7853982,512,-35.4875,148.8875
4018,Central Slopes,Murray Basin,4320,180,185.153,100,3.6,1.5707963,1293,-35.7125,149.3875
4019,Central Slopes,Murray Basin,4320,180,158.699,100,1.5,1.5707963,665,-35.5875,149.0125
4020,Central Slopes,Murray Basin,4320,180,148.236,100,1.5,0.7853982,1193,-35.7125,149.2875
4021,Central Slopes,Murray Basin,4320,180,134.961,100,1.5,0,1825,-35.4875,148.9125
4022,Central Slopes,Murray Basin,4320,180,132.569,100,1.5,0,570,-35.5125,148.9125
4023,Central Slopes,Murray Basin,4320,180,123.019,100,3.6,0,1746,-34.0875,149.9375
4024,Central Slopes,Murray Basin,4320,180,106.267,100,1.5,1.5707963,1986,-37.4625,145.2375
4025,Central Slopes,Central Slopes,4320,180,120.77,200,3.6,2.3561945,2921,-29.6625,150.9625
4026,Central Slopes,Murray Basin,4320,180,277.935,200,2.3,0.7853982,3045,-36.7625,146.3375
4027,Central Slopes,Murray Basin,4320,180,200.054,200,3.6,1.5707963,1292,-35.7125,149.4125
4028,Central Slopes,Murray Basin,4320,180,199.67,200,2.3,0.7853982,761,-35.7375,149.4125
4029,Central Slopes,Murray Basin,4320,180,193.356,200,2.3,1.5707963,514,-35.9125,149.4125
4030,Central Slopes,Murray Basin,4320,180,139.889,200,2.3,0.7853982,1193,-35.6875,149.2375
4031,Central Slopes,Murray Basin,4320,180,134.962,200,2.3,1.5707963,2730,-35.4875,148.9875
4032,Central Slopes,Murray Basin,4320,180,129.425,200,3.6,0.7853982,2454,-35.2125,148.7625
4033,Central Slopes,Murray Basin,4320,180,124.707,200,2.3,0,570,-35.4875,148.9125
4034,Central Slopes,Murray Basin,4320,180,116.76,200,2.3,1.5707963,2707,-37.4875,145.3125
4035,Central Slopes,Central Slopes,4320,180,191.706,500,3.6,1.5707963,2021,-27.6125,151.9375
4036,Central Slopes,Central Slopes,4320,180,132.02,500,2.3,0,2924,-28.3375,152.1125
4037,Central Slopes,Central Slopes,4320,180,129.167,500,3.6,1.5707963,3434,-28.0125,152.3125
4038,Central Slopes,Murray Basin,4320,180,257.712,500,2.3,1.5707963,3045,-36.7875,146.4125
4039,Central Slopes,Murray Basin,4320,180,254.296,500,2.3,1.5707963,1292,-35.7125,149.5125
4040,Central Slopes,Murray Basin,4320,180,248.876,500,1.5,0.7853982,757,-35.7875,149.5125
4041,Central Slopes,Murray Basin,4320,180,236.74,500,2.3,2.3561945,2145,-35.9625,149.5125
4042,Central Slopes,Murray Basin,4320,180,209.765,500,1.5,0,512,-35.5375,148.8625
4043,Central Slopes,Murray Basin,4320,180,162.659,500,1.5,1.5707963,554,-35.9625,149.5125
4044,Central Slopes,Murray Basin,4320,180,149.164,500,2.3,1.5707963,2291,-36.6625,147.4125
4045,Central Slopes,Central Slopes,4320,180,97.35,1000,3.6,0,295,-28.1875,152.2625
4046,Central Slopes,Central Slopes,4320,180,88.16,1000,2.3,0.7853982,2581,-33.5375,150.0125
4047,Central Slopes,Murray Basin,4320,180,248.41,1000,2.3,0.7853982,2156,-36.0875,149.5625
4048,Central Slopes,Murray Basin,4320,180,236.61,1000,1.5,1.5707963,3050,-36.7375,146.4125
4049,Central Slopes,Murray Basin,4320,180,129.96,1000,1.5,2.3561945,521,-35.8875,149.3125
4050,Central Slopes,Murray Basin,4320,180,124.76,1000,3.6,2.3561945,3025,-36.4375,149.3625
4051,Central Slopes,Murray Basin,4320,180,123.3,1000,2.3,0,481,-35.6375,148.9625
4052,Central Slopes,Murray Basin,4320,180,121.76,1000,1.5,1.5707963,2457,-35.0875,148.6625
4053,Central Slopes,Murray Basin,4320,180,117.27,1000,1.5,1.5707963,1194,-35.6875,149.3625
4054,Central Slopes,Murray Basin,4320,180,112.09,1000,3.6,1.5707963,1348,-36.8875,146.0125
4055,Central Slopes,Central Slopes,4320,180,129.21,2500,1.5,0,301,-28.0375,151.6125
4056,Central Slopes,Central Slopes,4320,180,127.58,2500,2.3,2.3561945,2785,-28.1875,150.8125
4057,Central Slopes,Central Slopes,4320,180,125.14,2500,2.3,2.3561945,2366,-29.5875,150.8625
4058,Central Slopes,Central Slopes,4320,180,121.86,2500,3.6,0,2089,-30.6875,150.3125
4059,Central Slopes,Central Slopes,4320,180,100.25,2500,2.3,2.3561945,328,-32.7875,149.2125
4060,Central Slopes,Central Slopes,4320,180,101.34,2500,3.6,0.7853982,294,-28.1875,152.2625
4061,Central Slopes,Central Slopes,4320,180,91.43,2500,2.3,0.7853982,3306,-31.6875,150.2125
4062,Central Slopes,Central Slopes,4320,180,90.46,2500,2.3,1.5707963,203,-27.3375,151.8625
4063,Central Slopes,Central Slopes,4320,180,84.43,2500,2.3,2.3561945,3491,-28.4375,151.1125
4064,Central Slopes,Central Slopes,4320,180,81.4,2500,3.6,2.3561945,77,-33.2875,150.0125
4065,Central Slopes,Central Slopes,4320,180,159.57,5000,3.6,2.3561945,2007,-27.3875,151.7125
4066,Central Slopes,Central Slopes,4320,180,138.97,5000,1.5,2.3561945,3435,-27.3875,151.0125
4067,Central Slopes,Central Slopes,4320,180,127.37,5000,3.6,1.5707963,3529,-33.6875,150.0125
4068,Central Slopes,Central Slopes,4320,180,118.15,5000,1.5,2.3561945,2367,-29.6875,150.9125
4069,Central Slopes,Central Slopes,4320,180,117.75,5000,1.5,0,2090,-30.6875,150.3125
4070,Central Slopes,Central Slopes,4320,180,115.45,5000,3.6,2.3561945,2786,-28.0875,150.6125
4071,Central Slopes,Central Slopes,4320,180,94.49,5000,1.5,0.7853982,295,-28.2875,152.2125
4072,Central Slopes,Central Slopes,4320,180,97.9,5000,3.6,2.3561945,3305,-31.7875,149.9125
4073,Central Slopes,Central Slopes,4320,180,101.37,5000,1.5,2.3561945,1167,-32.8875,150.2125
4074,Central Slopes,Central Slopes,4320,180,85.22,5000,3.6,1.5707963,3509,-33.5875,149.9125
4075,Central Slopes,Central Slopes,4320,180,192.68,10000,1.5,0.7853982,917,-26.9875,151.4125
4076,Central Slopes,Central Slopes,4320,180,176.13,10000,3.6,1.5707963,2018,-27.6875,151.9125
4077,Central Slopes,Central Slopes,4320,180,175.14,10000,3.6,1.5707963,429,-27.7875,151.9125
4078,Central Slopes,Central Slopes,4320,180,164.36,10000,3.6,2.3561945,750,-33.4875,149.9125
4079,Central Slopes,Central Slopes,4320,180,147.87,10000,2.3,1.5707963,239,-26.3875,151.2125
4080,Central Slopes,Central Slopes,4320,180,147.64,10000,1.5,0,47,-33.4875,149.7125
4081,Central Slopes,Central Slopes,4320,180,137.76,10000,3.6,1.5707963,21,-30.1875,151.6125
4082,Central Slopes,Central Slopes,4320,180,131.5,10000,2.3,2.3561945,3435,-27.3875,151.1125
4083,Central Slopes,Central Slopes,4320,180,126.76,10000,3.6,1.5707963,2684,-29.8875,151.7125
4084,Central Slopes,Central Slopes,4320,180,107.6,10000,2.3,2.3561945,1167,-33.2875,149.7125
4085,Central Slopes,Central Slopes,4320,180,252.22,20000,3.6,1.5707963,419,-27.9875,152.1375
4086,Central Slopes,Central Slopes,4320,180,185.78,20000,3.6,2.3561945,756,-33.6125,149.7625
4087,Central Slopes,Central Slopes,4320,180,176.13,20000,1.5,1.5707963,606,-31.3625,149.8875
4088,Central Slopes,Central Slopes,4320,180,165.45,20000,3.6,1.5707963,2019,-27.6125,151.7625
4089,Central Slopes,Central Slopes,4320,180,159.93,20000,1.5,0.7853982,917,-27.1125,151.3875
4090,Central Slopes,Central Slopes,4320,180,147.87,20000,3.6,2.3561945,2670,-29.7375,151.7625
4091,Central Slopes,Central Slopes,4320,180,152.36,20000,3.6,2.3561945,1166,-33.2375,150.0125
4092,Central Slopes,Central Slopes,4320,180,139.52,20000,3.6,0.7853982,238,-26.8625,151.5125
4093,Central Slopes,Central Slopes,4320,180,134.95,20000,3.6,2.3561945,130,-29.6125,151.8875
4094,Central Slopes,Central Slopes,4320,180,127.26,20000,3.6,2.3561945,2607,-29.3625,151.6375
4095,Central Slopes,Central Slopes,4320,180,187.53,40000,2.3,1.5707963,419,-27.8625,152.0125
4096,Central Slopes,Central Slopes,4320,180,161.13,40000,1.5,0.7853982,606,-31.6125,149.3875
4097,Central Slopes,Central Slopes,4320,180,153.79,40000,3.6,2.3561945,470,-29.2375,151.8875
4098,Central Slopes,Central Slopes,4320,180,153.83,40000,3.6,2.3561945,2010,-28.2375,152.0125
4099,Central Slopes,Central Slopes,4320,180,136.5,40000,3.6,1.5707963,2606,-29.8625,151.3875
4100,Central Slopes,Central Slopes,4320,180,136.96,40000,1.5,2.3561945,917,-27.1125,151.6375
4101,Central Slopes,Central Slopes,4320,180,137.23,40000,2.3,2.3561945,756,-33.4875,149.5125
4102,Central Slopes,Central Slopes,4320,180,130.94,40000,2.3,0.7853982,238,-27.1125,151.6375
4103,Central Slopes,Central Slopes,4320,180,129.86,40000,1.5,1.5707963,2672,-30.1125,151.6375
4104,Central Slopes,Central Slopes,4320,180,115.59,40000,2.3,1.5707963,301,-28.2375,152.0125
4105,Central Slopes,Murray Basin,5760,180,240.547,100,1.5,0.7853982,506,-35.4875,148.8875
4106,Central Slopes,Murray Basin,5760,180,193.417,100,3.6,1.5707963,1281,-35.7125,149.3875
4107,Central Slopes,Murray Basin,5760,180,165.111,100,1.5,1.5707963,663,-35.5875,149.0125
4108,Central Slopes,Murray Basin,5760,180,138.48,100,1.5,0,1823,-35.4875,148.9125
4109,Central Slopes,Murray Basin,5760,180,100.182,100,1.5,0,2452,-35.6375,149.2375
4110,Central Slopes,Murray Basin,5760,180,98.474,100,1.5,0,1704,-35.2375,149.1125
4111,Central Slopes,East Coast (South),5760,180,476.485,100,3.6,2.3561945,3499,-30.4375,152.9375
4112,Central Slopes,East Coast (South),5760,180,427.452,100,3.6,2.3561945,3391,-28.4375,153.1875
4113,Central Slopes,East Coast (South),5760,180,387.58,100,3.6,0,1496,-34.5875,150.5875
4114,Central Slopes,East Coast (South),5760,180,305.363,100,3.6,1.5707963,3174,-30.3125,152.9625
4115,Central Slopes,Murray Basin,5760,180,209.8,200,3.6,1.5707963,1281,-35.7125,149.4125
4116,Central Slopes,Murray Basin,5760,180,173.735,200,2.3,1.5707963,549,-35.9375,149.4875
4117,Central Slopes,Murray Basin,5760,180,162.37,200,2.3,0,481,-35.5375,148.9125
4118,Central Slopes,Murray Basin,5760,180,147.803,200,2.3,0.7853982,1674,-35.8375,149.4125
4119,Central Slopes,Murray Basin,5760,180,108.02,200,2.3,1.5707963,493,-35.8875,149.3375
4120,Central Slopes,East Coast (South),5760,180,743.219,200,3.6,0,408,-28.3375,153.2625
4121,Central Slopes,East Coast (South),5760,180,682.075,200,2.3,0,458,-28.2875,153.2625
4122,Central Slopes,East Coast (South),5760,180,584.719,200,3.6,0,108,-28.3375,153.2625
4123,Central Slopes,East Coast (South),5760,180,442.025,200,1.5,1.5707963,3392,-28.4875,153.1125
4124,Central Slopes,East Coast (South),5760,180,414.922,200,3.6,0,888,-28.3375,153.2375
4125,Central Slopes,Central Slopes,5760,180,233.582,500,3.6,1.5707963,2013,-27.6125,151.9375
4126,Central Slopes,Murray Basin,5760,180,268.493,500,2.3,1.5707963,1281,-35.7125,149.5125
4127,Central Slopes,Murray Basin,5760,180,263.442,500,2.3,0,749,-35.9375,149.5125
4128,Central Slopes,Murray Basin,5760,180,241.763,500,2.3,2.3561945,2137,-35.9625,149.5125
4129,Central Slopes,Murray Basin,5760,180,212.607,500,1.5,0,506,-35.5125,148.8625
4130,Central Slopes,Murray Basin,5760,180,152.26,500,1.5,0.7853982,663,-35.5625,148.9875
4131,Central Slopes,Murray Basin,5760,180,149.903,500,2.3,0.7853982,480,-35.5375,148.9375
4132,Central Slopes,Murray Basin,5760,180,123.45,500,3.6,0.7853982,3018,-36.2625,149.3625
4133,Central Slopes,East Coast (South),5760,180,767.437,500,1.5,0.7853982,403,-28.2625,153.2625
4134,Central Slopes,East Coast (South),5760,180,503.566,500,2.3,0.7853982,725,-28.2625,153.3625
4135,Central Slopes,Central Slopes,5760,180,83.21,1000,2.3,0.7853982,2580,-33.5375,149.8625
4136,Central Slopes,Murray Basin,5760,180,252.57,1000,2.3,0.7853982,2156,-36.0875,149.5625
4137,Central Slopes,Murray Basin,5760,180,138.05,1000,2.3,0,479,-35.6375,148.9625
4138,Central Slopes,Murray Basin,5760,180,130.72,1000,3.6,2.3561945,3024,-36.4375,149.3625
4139,Central Slopes,Murray Basin,5760,180,130.06,1000,3.6,2.3561945,2742,-36.4375,149.3625
4140,Central Slopes,Murray Basin,5760,180,118.49,1000,1.5,1.5707963,1191,-35.6875,149.3625
4141,Central Slopes,Murray Basin,5760,180,110.11,1000,3.6,1.5707963,1655,-35.7875,149.4125
4142,Central Slopes,Murray Basin,5760,180,107.17,1000,3.6,2.3561945,3537,-37.0375,145.8625
4143,Central Slopes,Murray Basin,5760,180,98.59,1000,3.6,2.3561945,1385,-35.5875,149.0625
4144,Central Slopes,Murray Basin,5760,180,87.15,1000,2.3,1.5707963,3010,-37.4375,145.4125
4145,Central Slopes,Central Slopes,5760,180,187.29,2500,2.3,2.356194,2919,-29.6875,150.4125
4146,Central Slopes,Central Slopes,5760,180,92.52,2500,2.3,2.356194,3490,-28.4375,151.0625
4147,Central Slopes,Central Slopes,5760,180,90.57,2500,3.6,2.356194,76,-33.3375,150.0125
4148,Central Slopes,Central Slopes,5760,180,86.82,2500,1.5,2.356194,2531,-33.3375,149.9625
4149,Central Slopes,Murray Basin,5760,180,129.34,2500,1.5,2.356194,479,-35.5875,148.8625
4150,Central Slopes,Murray Basin,5760,180,121.94,2500,1.5,2.356194,2453,-35.1375,148.7125
4151,Central Slopes,Murray Basin,5760,180,111.11,2500,2.3,2.356194,3536,-37.0875,145.9625
4152,Central Slopes,Murray Basin,5760,180,109.64,2500,1.5,1.570796,1192,-35.6875,149.4125
4153,Central Slopes,Murray Basin,5760,180,103.11,2500,2.3,1.570796,3293,-34.8375,139.0125
4154,Central Slopes,Murray Basin,5760,180,103.44,2500,3.6,2.356194,2743,-36.3375,149.3125
4155,Central Slopes,Central Slopes,5760,180,188.22,5000,3.6,2.3561945,2022,-27.4875,151.8125
4156,Central Slopes,Central Slopes,5760,180,175.27,5000,1.5,0,2920,-29.6875,150.4125
4157,Central Slopes,Central Slopes,5760,180,158.1,5000,3.6,0.7853982,234,-26.7875,151.3125
4158,Central Slopes,Central Slopes,5760,180,87.88,5000,1.5,2.3561945,2532,-33.4875,149.9125
4159,Central Slopes,Murray Basin,5760,180,205.27,5000,3.6,1.5707963,2143,-36.0875,149.4125
4160,Central Slopes,Murray Basin,5760,180,166.33,5000,3.6,1.5707963,598,-33.7875,149.4125
4161,Central Slopes,Murray Basin,5760,180,139.5,5000,3.6,0.7853982,3177,-34.0875,149.7125
4162,Central Slopes,Murray Basin,5760,180,123.45,5000,1.5,1.5707963,478,-35.1875,148.0125
4163,Central Slopes,Murray Basin,5760,180,115.63,5000,1.5,0,23,-37.3875,146.2125
4164,Central Slopes,Murray Basin,5760,180,108.63,5000,1.5,2.3561945,3536,-37.0875,146.0125
4165,Central Slopes,Central Slopes,5760,180,188.96,10000,2.3,1.570796,2017,-27.6875,151.6125
4166,Central Slopes,Central Slopes,5760,180,184.51,10000,3.6,1.570796,422,-27.7875,151.9125
4167,Central Slopes,Central Slopes,5760,180,163.92,10000,2.3,1.570796,44,-33.1875,149.9125
4168,Central Slopes,Central Slopes,5760,180,161.27,10000,3.6,1.570796,18,-30.1875,151.6125
4169,Central Slopes,Central Slopes,5760,180,116.07,10000,2.3,1.570796,297,-28.0875,152.0125
4170,Central Slopes,Central Slopes,5760,180,115.93,10000,2.3,0,2208,-26.3875,147.7125
4171,Central Slopes,Central Slopes,5760,180,103.65,10000,2.3,2.356194,327,-32.6875,149.1125
4172,Central Slopes,Murray Basin,5760,180,185.8,10000,2.3,1.570796,1283,-35.4875,149.5125
4173,Central Slopes,Murray Basin,5760,180,160.41,10000,2.3,2.356194,744,-34.0875,149.6125
4174,Central Slopes,Murray Basin,5760,180,154.14,10000,2.3,1.570796,604,-33.5875,149.2125
4175,Central Slopes,Central Slopes,5760,180,266.95,20000,3.6,1.570796,407,-27.9875,152.1375
4176,Central Slopes,Central Slopes,5760,180,206.77,20000,3.6,1.570796,2017,-27.6125,151.7625
4177,Central Slopes,Central Slopes,5760,180,195.88,20000,3.6,2.356194,752,-33.7375,149.7625
4178,Central Slopes,Central Slopes,5760,180,155.46,20000,3.6,2.356194,1165,-33.2375,150.0125
4179,Central Slopes,Central Slopes,5760,180,147.68,20000,3.6,1.570796,17,-30.1125,151.3875
4180,Central Slopes,Central Slopes,5760,180,144.28,20000,3.6,1.570796,2603,-29.7375,151.3875
4181,Central Slopes,Central Slopes,5760,180,136.53,20000,3.6,1.570796,237,-28.1125,152.1375
4182,Central Slopes,Central Slopes,5760,180,136.21,20000,3.6,1.570796,107,-28.3625,152.2625
4183,Central Slopes,Central Slopes,5760,180,133.32,20000,3.6,1.570796,3429,-27.6125,151.5125
4184,Central Slopes,Central Slopes,5760,180,132.26,20000,3.6,1.570796,298,-27.9875,152.1375
4185,Central Slopes,Central Slopes,5760,180,200.57,40000,2.3,1.5707963,411,-27.8625,152.0125
4186,Central Slopes,Central Slopes,5760,180,169.8,40000,3.6,2.3561945,463,-29.2375,151.8875
4187,Central Slopes,Central Slopes,5760,180,165.83,40000,3.6,1.5707963,2017,-27.6125,151.5125
4188,Central Slopes,Central Slopes,5760,180,161.99,40000,2.3,0.7853982,601,-31.7375,149.2625
4189,Central Slopes,Central Slopes,5760,180,156.72,40000,3.6,0.7853982,150,-27.3625,151.8875
4190,Central Slopes,Central Slopes,5760,180,150.26,40000,3.6,1.5707963,2603,-29.8625,151.3875
4191,Central Slopes,Central Slopes,5760,180,149.32,40000,2.3,0.7853982,233,-27.1125,151.6375
4192,Central Slopes,Central Slopes,5760,180,144.29,40000,2.3,2.3561945,754,-33.4875,149.5125
4193,Central Slopes,Central Slopes,5760,180,128.78,40000,3.6,2.3561945,1267,-28.2375,152.1375
4194,Central Slopes,Central Slopes,5760,180,125.62,40000,1.5,1.5707963,3430,-27.4875,151.6375
4195,Central Slopes,East Coast (South),7200,180,675.567,100,1.5,0,1666,-34.3375,150.8625
4196,Central Slopes,East Coast (South),7200,180,541.351,100,3.6,2.3561945,3496,-30.4375,152.9375
4197,Central Slopes,East Coast (South),7200,180,479.535,100,3.6,2.3561945,3385,-28.4375,153.1875
4198,Central Slopes,East Coast (South),7200,180,333.515,100,3.6,1.5707963,3175,-30.3125,152.9625
4199,Central Slopes,East Coast (South),7200,180,311.618,100,3.6,2.3561945,2875,-34.0625,151.1625
4200,Central Slopes,East Coast (South),7200,180,260.059,100,3.6,1.5707963,3526,-33.6875,150.5125
4201,Central Slopes,East Coast (South),7200,180,258.065,100,3.6,2.3561945,737,-34.0625,151.1625
4202,Central Slopes,East Coast (North),7200,180,617.702,100,3.6,0.7853982,2025,-27.4375,152.9625
4203,Central Slopes,East Coast (North),7200,180,417.091,100,3.6,2.3561945,404,-27.4375,153.0875
4204,Central Slopes,East Coast (North),7200,180,227.975,100,3.6,0.7853982,244,-27.4625,153.1875
4205,Central Slopes,Murray Basin,7200,180,193.667,200,2.3,0.7853982,1673,-35.8125,149.4125
4206,Central Slopes,Murray Basin,7200,180,164.725,200,2.3,0,480,-35.5375,148.9125
4207,Central Slopes,Murray Basin,7200,180,108.955,200,2.3,1.5707963,493,-35.8875,149.3375
4208,Central Slopes,East Coast (South),7200,180,744.933,200,3.6,0,401,-28.3375,153.2625
4209,Central Slopes,East Coast (South),7200,180,686.358,200,2.3,0,455,-28.2875,153.2625
4210,Central Slopes,East Coast (South),7200,180,641.321,200,3.6,0,98,-28.3375,153.2625
4211,Central Slopes,East Coast (South),7200,180,546.177,200,2.3,0,2014,-28.2375,153.2875
4212,Central Slopes,East Coast (South),7200,180,489.9,200,1.5,1.5707963,3387,-28.4625,153.1125
4213,Central Slopes,East Coast (South),7200,180,454.778,200,3.6,0,879,-28.3375,153.3625
4214,Central Slopes,East Coast (South),7200,180,451.236,200,2.3,0.7853982,333,-28.2625,153.3125
4215,Central Slopes,Murray Basin,7200,180,272.35,500,2.3,1.5707963,1278,-35.7125,149.5125
4216,Central Slopes,Murray Basin,7200,180,152.041,500,2.3,0.7853982,480,-35.5375,148.9375
4217,Central Slopes,East Coast (South),7200,180,609.271,500,2.3,2.3561945,97,-28.2875,153.1875
4218,Central Slopes,East Coast (South),7200,180,524.992,500,2.3,0.7853982,724,-28.2625,153.3625
4219,Central Slopes,East Coast (South),7200,180,455.72,500,1.5,0,3387,-28.4875,153.1375
4220,Central Slopes,East Coast (South),7200,180,430.566,500,2.3,0,876,-28.5625,153.4375
4221,Central Slopes,East Coast (South),7200,180,429.463,500,2.3,0.7853982,2656,-30.3625,152.8625
4222,Central Slopes,East Coast (South),7200,180,424.392,500,3.6,2.3561945,41,-34.2875,150.7625
4223,Central Slopes,East Coast (South),7200,180,305.122,500,2.3,2.3561945,2600,-28.8625,152.3125
4224,Central Slopes,East Coast (South),7200,180,278.229,500,2.3,2.3561945,2875,-34.0375,151.0875
4225,Central Slopes,Murray Basin,7200,180,130.31,1000,3.6,2.3561945,2742,-36.4375,149.3625
4226,Central Slopes,Murray Basin,7200,180,106.68,1000,3.6,1.5707963,1384,-35.5875,149.0625
4227,Central Slopes,East Coast (South),7200,180,584.9,1000,2.3,0,86,-28.2875,153.2625
4228,Central Slopes,East Coast (South),7200,180,581.04,1000,2.3,1.5707963,2659,-30.2875,152.5625
4229,Central Slopes,East Coast (South),7200,180,488.72,1000,2.3,0,724,-28.2875,153.4125
4230,Central Slopes,East Coast (South),7200,180,427.02,1000,1.5,0.7853982,3386,-28.4375,153.1625
4231,Central Slopes,East Coast (South),7200,180,428.65,1000,2.3,2.3561945,874,-28.2875,153.4125
4232,Central Slopes,East Coast (South),7200,180,365.59,1000,1.5,2.3561945,334,-28.3375,153.3625
4233,Central Slopes,East Coast (South),7200,180,263.45,1000,2.3,0,3175,-30.1375,153.0125
4234,Central Slopes,East Coast (South),7200,180,258.82,1000,2.3,0.7853982,2878,-34.0875,151.0625
4235,Central Slopes,Central Slopes,7200,180,163.89,2500,3.6,2.356194,590,-28.2375,151.7625
4236,Central Slopes,Murray Basin,7200,180,127.7,2500,3.6,1.570796,3016,-36.3375,149.4125
4237,Central Slopes,Murray Basin,7200,180,122.37,2500,3.6,0,22,-37.3875,146.2125
4238,Central Slopes,East Coast (South),7200,180,445.84,2500,2.3,0,3493,-30.4375,152.8625
4239,Central Slopes,East Coast (South),7200,180,422.57,2500,2.3,2.356194,42,-34.3375,150.4125
4240,Central Slopes,East Coast (South),7200,180,417.41,2500,1.5,0,722,-28.2875,153.3125
4241,Central Slopes,East Coast (South),7200,180,408.67,2500,2.3,2.356194,2655,-30.2875,152.6625
4242,Central Slopes,East Coast (South),7200,180,396.46,2500,3.6,0,1260,-28.9375,153.2625
4243,Central Slopes,East Coast (South),7200,180,393.06,2500,2.3,0,882,-31.1875,152.3125
4244,Central Slopes,East Coast (South),7200,180,387.71,2500,3.6,2.356194,19,-30.1875,152.6625
4245,Central Slopes,Central Slopes,7200,180,202.42,5000,3.6,2.3561945,2018,-27.5875,151.8125
4246,Central Slopes,Central Slopes,7200,180,152.26,5000,3.6,0.7853982,590,-28.2875,152.1125
4247,Central Slopes,Murray Basin,7200,180,122.61,5000,1.5,2.3561945,2740,-36.3875,149.3125
4248,Central Slopes,East Coast (South),7200,180,421.78,5000,1.5,0.7853982,2664,-30.3875,152.4125
4249,Central Slopes,East Coast (South),7200,180,385.46,5000,1.5,0,877,-28.4875,153.3125
4250,Central Slopes,East Coast (South),7200,180,359.95,5000,1.5,0.7853982,1262,-28.8875,153.1125
4251,Central Slopes,East Coast (South),7200,180,352.7,5000,1.5,0,38,-34.2875,150.5125
4252,Central Slopes,East Coast (South),7200,180,346.57,5000,1.5,0,2026,-29.6875,152.8125
4253,Central Slopes,East Coast (South),7200,180,322.92,5000,3.6,2.3561945,18,-30.0875,152.5125
4254,Central Slopes,East Coast (South),7200,180,316.22,5000,3.6,0,698,-30.1875,152.9125
4255,Central Slopes,Central Slopes,7200,180,215.56,10000,3.6,2.3561945,2017,-27.4875,151.9125
4256,Central Slopes,Central Slopes,7200,180,171.1,10000,3.6,1.5707963,16,-30.1875,151.6125
4257,Central Slopes,Central Slopes,7200,180,141.77,10000,2.3,0.7853982,590,-28.1875,152.1125
4258,Central Slopes,Murray Basin,7200,180,135.41,10000,3.6,2.3561945,66,-35.7875,149.4125
4259,Central Slopes,Murray Basin,7200,180,108.18,10000,2.3,2.3561945,3015,-36.1875,149.2125
4260,Central Slopes,East Coast (South),7200,180,365.79,10000,3.6,0,2661,-30.7875,152.5125
4261,Central Slopes,East Coast (South),7200,180,356.64,10000,2.3,0.7853982,3495,-30.7875,152.5125
4262,Central Slopes,East Coast (South),7200,180,340.38,10000,1.5,2.3561945,43,-34.1875,150.3125
4263,Central Slopes,East Coast (South),7200,180,324.8,10000,1.5,0,2026,-29.6875,152.8125
4264,Central Slopes,East Coast (South),7200,180,313.04,10000,2.3,2.3561945,7,-30.0875,152.5125
4265,Central Slopes,Central Slopes,7200,180,267.49,20000,3.6,1.5707963,403,-27.9875,152.1375
4266,Central Slopes,Central Slopes,7200,180,231.78,20000,3.6,0.7853982,2019,-28.1125,152.2625
4267,Central Slopes,Central Slopes,7200,180,156.27,20000,3.6,1.5707963,15,-30.1125,151.3875
4268,Central Slopes,Central Slopes,7200,180,146.77,20000,3.6,1.5707963,99,-28.3625,152.2625
4269,Central Slopes,Central Slopes,7200,180,134.11,20000,3.6,1.5707963,3428,-27.6125,151.5125
4270,Central Slopes,Central Slopes,7200,180,133.57,20000,3.6,2.3561945,1261,-28.1125,152.1375
4271,Central Slopes,Central Slopes,7200,180,119.22,20000,3.6,2.3561945,695,-30.4875,151.5125
4272,Central Slopes,Central Slopes,7200,180,114.31,20000,3.6,2.3561945,3009,-31.2375,151.6375
4273,Central Slopes,Murray Basin,7200,180,160.7,20000,3.6,1.5707963,597,-33.8625,149.3875
4274,Central Slopes,Murray Basin,7200,180,110.81,20000,3.6,2.3561945,166,-34.2375,149.5125
4275,Central Slopes,Central Slopes,7200,180,184.82,40000,3.6,0.7853982,144,-27.3625,151.8875
4276,Central Slopes,Central Slopes,7200,180,182.75,40000,3.6,1.5707963,403,-27.8625,151.6375
4277,Central Slopes,Central Slopes,7200,180,170.29,40000,3.6,2.3561945,456,-29.2375,151.8875
4278,Central Slopes,Central Slopes,7200,180,136.9,40000,3.6,2.3561945,1263,-28.2375,152.1375
4279,Central Slopes,Central Slopes,7200,180,135.79,40000,2.3,1.5707963,695,-30.6125,151.5125
4280,Central Slopes,Central Slopes,7200,180,126.53,40000,1.5,1.5707963,3427,-27.4875,151.6375
4281,Central Slopes,Central Slopes,7200,180,121.95,40000,3.6,2.3561945,591,-27.8625,152.0125
4282,Central Slopes,Central Slopes,7200,180,99.83,40000,3.6,1.5707963,2364,-28.4875,151.6375
4283,Central Slopes,Murray Basin,7200,180,146.83,40000,1.5,1.5707963,596,-33.9875,149.6375
4284,Central Slopes,East Coast (South),7200,180,296.46,40000,2.3,0,456,-28.9875,152.8875
4285,Central Slopes,East Coast (South),8640,180,721.499,100,1.5,0,1658,-34.3375,150.8625
4286,Central Slopes,East Coast (South),8640,180,512.308,100,3.6,2.3561945,3384,-28.4375,153.1875
4287,Central Slopes,East Coast (South),8640,180,338.999,100,3.6,1.5707963,3171,-30.3125,152.9625
4288,Central Slopes,East Coast (South),8640,180,312.826,100,3.6,2.3561945,2871,-34.0625,151.1625
4289,Central Slopes,East Coast (South),8640,180,276.877,100,3.6,1.5707963,3524,-33.6875,150.5125
4290,Central Slopes,Wet Tropics,8640,180,731.312,100,3.6,0.7853982,2764,-19.1375,146.4625
4291,Central Slopes,Wet Tropics,8640,180,628.029,100,3.6,0,3245,-17.7875,145.9125
4292,Central Slopes,Wet Tropics,8640,180,596.309,100,3.6,0,2646,-17.4625,145.9625
4293,Central Slopes,Wet Tropics,8640,180,442.472,100,3.6,0.7853982,2378,-17.8875,145.6625
4294,Central Slopes,Wet Tropics,8640,180,429.053,100,3.6,1.5707963,2482,-19.2125,146.6375
4295,Central Slopes,Murray Basin,8640,180,201.646,200,2.3,0.7853982,1662,-35.8125,149.4125
4296,Central Slopes,East Coast (South),8640,180,677.568,200,3.6,0,90,-28.3375,153.2625
4297,Central Slopes,East Coast (South),8640,180,526.545,200,1.5,1.5707963,3384,-28.4875,153.1125
4298,Central Slopes,East Coast (South),8640,180,488.918,200,3.6,0,870,-28.3375,153.3625
4299,Central Slopes,East Coast (South),8640,180,466.618,200,2.3,0.7853982,331,-28.2875,153.3125
4300,Central Slopes,East Coast (South),8640,180,386.383,200,2.3,0,141,-28.3375,153.2375
4301,Central Slopes,East Coast (South),8640,180,316.578,200,2.3,1.5707963,3169,-30.3125,152.9875
4302,Central Slopes,East Coast (South),8640,180,304.505,200,2.3,2.3561945,2871,-34.1125,151.0375
4303,Central Slopes,East Coast (South),8640,180,280.491,200,3.6,1.5707963,3524,-33.6875,150.4875
4304,Central Slopes,East Coast (North),8640,180,780.766,200,2.3,0,2009,-27.9375,153.1875
4305,Central Slopes,East Coast (South),8640,180,675.487,500,2.3,2.3561945,1658,-34.4625,150.7375
4306,Central Slopes,East Coast (South),8640,180,648.7,500,2.3,2.3561945,88,-28.2625,153.1875
4307,Central Slopes,East Coast (South),8640,180,587.489,500,2.3,0,2009,-28.2375,153.3125
4308,Central Slopes,East Coast (South),8640,180,490.491,500,1.5,0,3384,-28.4875,153.1375
4309,Central Slopes,East Coast (South),8640,180,469.241,500,2.3,0,871,-28.5375,153.4375
4310,Central Slopes,East Coast (South),8640,180,437.882,500,3.6,2.3561945,37,-34.2875,150.7625
4311,Central Slopes,East Coast (South),8640,180,311.687,500,2.3,2.3561945,2597,-28.8625,152.3125
4312,Central Slopes,East Coast (South),8640,180,280.873,500,2.3,2.3561945,2871,-34.0625,151.0625
4313,Central Slopes,East Coast (South),8640,180,255.287,500,3.6,1.5707963,576,-30.7375,152.0625
4314,Central Slopes,East Coast (North),8640,180,712.882,500,2.3,0.7853982,141,-26.6125,152.7625
4315,Central Slopes,East Coast (South),8640,180,610.1,1000,2.3,0,80,-28.2875,153.2625
4316,Central Slopes,East Coast (South),8640,180,504.97,1000,3.6,2.3561945,1660,-34.4875,150.5625
4317,Central Slopes,East Coast (South),8640,180,458.53,1000,2.3,0.7853982,3384,-28.4375,153.1625
4318,Central Slopes,East Coast (South),8640,180,448.47,1000,2.3,2.3561945,864,-28.2875,153.4125
4319,Central Slopes,East Coast (South),8640,180,388.93,1000,1.5,2.3561945,332,-28.3375,153.3625
4320,Central Slopes,East Coast (South),8640,180,372.5,1000,1.5,1.5707963,2000,-28.2875,153.4125
4321,Central Slopes,East Coast (South),8640,180,270.28,1000,2.3,0,3170,-30.1375,153.0125
4322,Central Slopes,East Coast (South),8640,180,225.29,1000,3.6,1.5707963,589,-28.8375,153.2625
4323,Central Slopes,Southern Slopes (mainland),8640,180,239.31,1000,3.6,0.7853982,2870,-34.8375,150.6125
4324,Central Slopes,Southern Slopes (mainland),8640,180,140.03,1000,3.6,0,702,-38.1375,146.2125
4325,Central Slopes,Central Slopes,8640,180,167.89,2500,3.6,2.356194,587,-28.2375,151.7625
4326,Central Slopes,East Coast (South),8640,180,402.68,2500,2.3,0,865,-28.5375,153.4625
4327,Central Slopes,East Coast (South),8640,180,393.15,2500,3.6,2.356194,14,-30.1875,152.6625
4328,Central Slopes,East Coast (South),8640,180,372.62,2500,3.6,0,574,-31.1875,152.4125
4329,Central Slopes,East Coast (South),8640,180,365.6,2500,2.3,1.570796,3384,-28.4875,152.9625
4330,Central Slopes,East Coast (South),8640,180,298.27,2500,1.5,2.356194,330,-28.3375,153.3625
4331,Central Slopes,East Coast (South),8640,180,250.23,2500,3.6,0,3167,-29.9375,153.0125
4332,Central Slopes,East Coast (North),8640,180,1161.17,2500,2.3,2.356194,1540,-21.5375,149.1625
4333,Central Slopes,East Coast (North),8640,180,590.25,2500,2.3,0,135,-26.4875,152.7125
4334,Central Slopes,East Coast (North),8640,180,522.67,2500,1.5,0,2007,-27.5375,152.9625
4335,Central Slopes,Central Slopes,8640,180,153.78,5000,3.6,0.7853982,587,-28.2875,152.1125
4336,Central Slopes,East Coast (South),8640,180,410.98,5000,1.5,0,868,-28.4875,153.3125
4337,Central Slopes,East Coast (South),8640,180,375.08,5000,3.6,0,1259,-29.0875,153.2125
4338,Central Slopes,East Coast (South),8640,180,332.01,5000,1.5,0,575,-31.0875,152.4125
4339,Central Slopes,East Coast (South),8640,180,330.02,5000,3.6,0,1659,-34.0875,150.7125
4340,Central Slopes,East Coast (South),8640,180,312.05,5000,2.3,0.7853982,3384,-28.6875,152.9125
4341,Central Slopes,East Coast (South),8640,180,289.61,5000,2.3,0.7853982,389,-30.4875,152.5125
4342,Central Slopes,East Coast (South),8640,180,290.1,5000,3.6,1.5707963,694,-30.2875,152.5125
4343,Central Slopes,East Coast (South),8640,180,209.16,5000,1.5,0.7853982,3527,-33.8875,150.2125
4344,Central Slopes,East Coast (South),8640,180,201.06,5000,1.5,0.7853982,589,-28.8875,153.1125
4345,Central Slopes,Central Slopes,8640,180,237.62,10000,3.6,2.3561945,1998,-27.4875,151.9125
4346,Central Slopes,Central Slopes,8640,180,145,10000,2.3,0.7853982,588,-28.1875,152.1125
4347,Central Slopes,Murray Basin,8640,180,160.65,10000,2.3,1.5707963,1665,-35.4875,149.5125
4348,Central Slopes,East Coast (South),8640,180,373.55,10000,3.6,0,2658,-30.7875,152.5125
4349,Central Slopes,East Coast (South),8640,180,364.14,10000,1.5,0,2008,-29.5875,152.8125
4350,Central Slopes,East Coast (South),8640,180,346,10000,1.5,2.3561945,39,-34.1875,150.3125
4351,Central Slopes,East Coast (South),8640,180,296.38,10000,2.3,0.7853982,2596,-28.5875,152.9125
4352,Central Slopes,East Coast (South),8640,180,296.53,10000,1.5,0,1659,-34.1875,150.6125
4353,Central Slopes,East Coast (South),8640,180,278.53,10000,2.3,0.7853982,3384,-28.5875,152.9125
4354,Central Slopes,East Coast (South),8640,180,279.38,10000,1.5,0,575,-31.1875,152.3125
4355,Central Slopes,Central Slopes,8640,180,246.66,20000,3.6,0.7853982,2007,-28.1125,152.2625
4356,Central Slopes,East Coast (South),8640,180,319.36,20000,2.3,0,2657,-30.7375,152.5125
4357,Central Slopes,East Coast (South),8640,180,270.8,20000,3.6,0,867,-28.7375,153.1375
4358,Central Slopes,East Coast (South),8640,180,247.4,20000,3.6,0.7853982,3494,-30.9875,152.2625
4359,Central Slopes,East Coast (South),8640,180,235.58,20000,2.3,0,695,-30.8625,152.6375
4360,Central Slopes,East Coast (South),8640,180,206.19,20000,1.5,0,1659,-34.2375,150.6375
4361,Central Slopes,East Coast (South),8640,180,202.42,20000,1.5,0,386,-30.9875,152.2625
4362,Central Slopes,East Coast (South),8640,180,168.65,20000,3.6,0,3166,-29.6125,152.8875
4363,Central Slopes,East Coast (South),8640,180,127.69,20000,1.5,0.7853982,3525,-34.1125,150.3875
4364,Central Slopes,East Coast (North),8640,180,359.6,20000,1.5,0,1602,-21.6125,148.8875
4365,Central Slopes,Central Slopes,8640,180,196.43,40000,3.6,0.7853982,142,-27.3625,151.8875
4366,Central Slopes,East Coast (South),8640,180,212.82,40000,2.3,0,873,-28.8625,152.8875
4367,Central Slopes,East Coast (South),8640,180,156.66,40000,3.6,0.7853982,695,-32.8625,151.3875
4368,Central Slopes,East Coast (South),8640,180,145.91,40000,1.5,0.7853982,1667,-34.1125,150.3875
4369,Central Slopes,East Coast (North),8640,180,292.5,40000,1.5,0,2007,-28.2375,152.7625
4370,Central Slopes,East Coast (North),8640,180,204.53,40000,2.3,0,1261,-28.1125,152.8875
4371,Central Slopes,Wet Tropics,8640,180,326.45,40000,1.5,2.3561945,3230,-19.6125,146.3875
4372,Central Slopes,Wet Tropics,8640,180,308.61,40000,3.6,2.3561945,1452,-19.3625,146.5125
4373,Central Slopes,Monsoonal North,8640,180,278.06,40000,3.6,1.5707963,2756,-19.4875,145.7625
4374,Central Slopes,Monsoonal North,8640,180,233.62,40000,1.5,2.3561945,2194,-18.9875,145.7625
4375,Central Slopes,East Coast (South),10080,180,523.634,100,1.5,0.7853982,3383,-28.4875,153.1875
4376,Central Slopes,East Coast (South),10080,180,393.546,100,3.6,0.7853982,36,-33.7625,151.1875
4377,Central Slopes,East Coast (South),10080,180,278.55,100,3.6,1.5707963,3523,-33.6875,150.5125
4378,Central Slopes,Wet Tropics,10080,180,750.103,100,3.6,0.7853982,2754,-19.1375,146.4625
4379,Central Slopes,Wet Tropics,10080,180,705.771,100,3.6,0,3245,-17.7875,145.9125
4380,Central Slopes,Wet Tropics,10080,180,666.883,100,1.5,1.5707963,2473,-17.8625,145.6625
4381,Central Slopes,Southern Slopes (Tasmania),10080,180,246.439,100,1.5,2.3561945,2798,-41.8875,145.5875
4382,Central Slopes,Southern Slopes (Tasmania),10080,180,238.14,100,1.5,1.5707963,3122,-41.8875,145.5875
4383,Central Slopes,S-SW Flatlands (West),10080,180,242.26,100,1.5,0,804,-31.9875,116.1875
4384,Central Slopes,Monsoonal North,10080,180,371.69,100,1.5,1.5707963,2835,-12.3875,130.9125
4385,Central Slopes,East Coast (South),10080,180,725.477,200,3.6,0,83,-28.3375,153.2625
4386,Central Slopes,East Coast (South),10080,180,534.995,200,2.3,0.7853982,3383,-28.4875,153.1125
4387,Central Slopes,East Coast (South),10080,180,503.577,200,3.6,0,860,-28.3375,153.3625
4388,Central Slopes,East Coast (South),10080,180,389.593,200,2.3,0.7853982,36,-33.7625,151.1625
4389,Central Slopes,East Coast (South),10080,180,282.3,200,3.6,1.5707963,3522,-33.6875,150.4875
4390,Central Slopes,East Coast (North),10080,180,607.77,200,2.3,0,339,-26.6875,152.8875
4391,Central Slopes,Wet Tropics,10080,180,1559.754,200,2.3,2.3561945,1548,-20.9875,148.6375
4392,Central Slopes,Wet Tropics,10080,180,799.634,200,3.6,0.7853982,3220,-19.0625,146.4125
4393,Central Slopes,Wet Tropics,10080,180,798.582,200,3.6,0,1589,-17.7375,145.9375
4394,Central Slopes,Wet Tropics,10080,180,693.371,200,2.3,0.7853982,2492,-21.0375,148.6125
4395,Central Slopes,East Coast (South),10080,180,692.927,500,2.3,2.3561945,82,-28.2625,153.1875
4396,Central Slopes,East Coast (South),10080,180,599.772,500,2.3,0,2001,-28.2375,153.3125
4397,Central Slopes,East Coast (South),10080,180,499.994,500,1.5,0,3383,-28.4875,153.1375
4398,Central Slopes,East Coast (South),10080,180,492.617,500,2.3,0,861,-28.6625,153.4625
4399,Central Slopes,East Coast (South),10080,180,448.655,500,3.6,2.3561945,35,-34.2875,150.7625
4400,Central Slopes,East Coast (South),10080,180,316.243,500,2.3,2.3561945,2595,-28.8625,152.3125
4401,Central Slopes,East Coast (North),10080,180,732.999,500,2.3,0.7853982,139,-26.6125,152.7625
4402,Central Slopes,East Coast (North),10080,180,586.698,500,2.3,0,339,-26.6125,152.8875
4403,Central Slopes,Wet Tropics,10080,180,1488.246,500,2.3,2.3561945,1548,-20.9875,148.6625
4404,Central Slopes,Wet Tropics,10080,180,782.292,500,2.3,0.7853982,1002,-18.9125,146.1125
4405,Central Slopes,East Coast (South),10080,180,462.19,1000,2.3,2.3561945,3383,-28.5375,153.1625
4406,Central Slopes,East Coast (South),10080,180,468.54,1000,2.3,2.3561945,858,-28.2875,153.4125
4407,Central Slopes,East Coast (North),10080,180,668.88,1000,2.3,0,84,-28.0875,153.2625
4408,Central Slopes,East Coast (North),10080,180,608.13,1000,2.3,0,2003,-27.8875,153.1625
4409,Central Slopes,Wet Tropics,10080,180,1423.05,1000,2.3,1.5707963,1548,-20.9875,148.7625
4410,Central Slopes,Wet Tropics,10080,180,944.79,1000,2.3,0,3220,-18.8875,146.1625
4411,Central Slopes,Wet Tropics,10080,180,588.16,1000,1.5,0,2474,-17.7875,145.8125
4412,Central Slopes,Wet Tropics,10080,180,456.59,1000,3.6,2.3561945,397,-21.0875,148.7125
4413,Central Slopes,Monsoonal North,10080,180,496.15,1000,3.6,0,3409,-20.9375,148.6125
4414,Central Slopes,Monsoonal North,10080,180,308.38,1000,1.5,0.7853982,2911,-13.1375,130.9625
4415,Central Slopes,East Coast (South),10080,180,520.12,2500,2.3,0,94,-28.2875,153.2625
4416,Central Slopes,East Coast (South),10080,180,455.42,2500,2.3,0,859,-28.5375,153.4625
4417,Central Slopes,East Coast (South),10080,180,439.86,2500,2.3,2.356194,35,-34.3375,150.4125
4418,Central Slopes,East Coast (South),10080,180,373.53,2500,2.3,1.570796,3383,-28.4875,152.9625
4419,Central Slopes,East Coast (South),10080,180,305.98,2500,1.5,2.356194,329,-28.3375,153.3625
4420,Central Slopes,East Coast (North),10080,180,1190.93,2500,3.6,2.356194,1568,-21.3875,148.9625
4421,Central Slopes,East Coast (North),10080,180,627.2,2500,2.3,0,142,-26.5875,152.7625
4422,Central Slopes,East Coast (North),10080,180,524.18,2500,1.5,0,2000,-27.5375,152.9625
4423,Central Slopes,East Coast (North),10080,180,470.27,2500,1.5,2.356194,341,-26.4375,152.7625
4424,Central Slopes,Wet Tropics,10080,180,964.11,2500,3.6,0,913,-18.7875,146.1625
4425,Central Slopes,East Coast (South),10080,180,428.92,5000,1.5,0,862,-28.4875,153.3125
4426,Central Slopes,East Coast (South),10080,180,315.75,5000,2.3,0.7853982,3382,-28.6875,152.9125
4427,Central Slopes,East Coast (North),10080,180,1215.52,5000,3.6,0,1565,-21.5875,149.0125
4428,Central Slopes,East Coast (North),10080,180,445.09,5000,2.3,2.3561945,2004,-27.5875,152.9125
4429,Central Slopes,East Coast (North),10080,180,365.34,5000,3.6,0.7853982,3446,-21.3875,148.4125
4430,Central Slopes,East Coast (North),10080,180,329.57,5000,3.6,1.5707963,82,-28.2875,152.9125
4431,Central Slopes,Wet Tropics,10080,180,645.63,5000,1.5,2.3561945,3220,-19.0875,146.0125
4432,Central Slopes,Wet Tropics,10080,180,537.48,5000,1.5,0,2754,-18.9875,146.1125
4433,Central Slopes,Wet Tropics,10080,180,497.01,5000,3.6,2.3561945,1002,-18.9875,146.0125
4434,Central Slopes,Wet Tropics,10080,180,469.03,5000,3.6,0,1599,-18.2875,145.9125
4435,Central Slopes,Central Slopes,10080,180,240.6,10000,3.6,2.3561945,1996,-27.4875,151.9125
4436,Central Slopes,East Coast (South),10080,180,366.5,10000,1.5,0,1997,-29.5875,152.8125
4437,Central Slopes,East Coast (South),10080,180,346.29,10000,3.6,0,866,-28.5875,153.2125
4438,Central Slopes,East Coast (South),10080,180,283.48,10000,2.3,0.7853982,3383,-28.5875,152.9125
4439,Central Slopes,East Coast (South),10080,180,262.05,10000,3.6,0.7853982,385,-30.6875,152.4125
4440,Central Slopes,East Coast (North),10080,180,1117.18,10000,2.3,0,1565,-21.6875,149.0125
4441,Central Slopes,East Coast (North),10080,180,476.33,10000,1.5,2.3561945,137,-26.6875,152.7125
4442,Central Slopes,East Coast (North),10080,180,358.92,10000,2.3,0.7853982,3440,-21.3875,148.5125
4443,Central Slopes,Wet Tropics,10080,180,572.82,10000,1.5,0,3220,-18.9875,146.0125
4444,Central Slopes,Wet Tropics,10080,180,481.21,10000,2.3,0,1592,-18.2875,145.9125
4445,Central Slopes,Central Slopes,10080,180,247.3,20000,3.6,0.7853982,1999,-28.1125,152.2625
4446,Central Slopes,East Coast (South),10080,180,312.03,20000,2.3,0,1997,-29.6125,152.7625
4447,Central Slopes,East Coast (South),10080,180,240.11,20000,1.5,0,863,-28.8625,153.0125
4448,Central Slopes,East Coast (North),10080,180,874.31,20000,2.3,2.3561945,1541,-21.7375,149.1375
4449,Central Slopes,East Coast (North),10080,180,378.45,20000,2.3,0,136,-26.4875,152.6375
4450,Central Slopes,Wet Tropics,10080,180,396.11,20000,3.6,2.3561945,3219,-19.4875,146.6375
4451,Central Slopes,Wet Tropics,10080,180,394.2,20000,3.6,2.3561945,2755,-19.4875,146.6375
4452,Central Slopes,Wet Tropics,10080,180,294.29,20000,3.6,0,1585,-18.8625,145.8875
4453,Central Slopes,Wet Tropics,10080,180,168.62,20000,3.6,2.3561945,1234,-17.6125,145.1375
4454,Central Slopes,Monsoonal North,10080,180,344.74,20000,2.3,2.3561945,2187,-18.9875,146.0125
4455,Central Slopes,East Coast (North),10080,180,295.14,40000,1.5,0,2006,-28.2375,152.7625
