Event ID,Region,Region (source),Burst Duration (min),Burst Loading,Original Burst Depth (mm),AEP Window,AEP (source) (%),Burst Start Date,Burst End Date,DB Event Reference No.,DB Pluviograph Reference No.,Offical Gauge,Lat,Long
2012,Central Slopes,Central Slopes,10,1,21.4,frequent,14.4358,10/29/2011 17:20,10/29/2011 17:25,32125,425,qcd_043090,-27.9067,148.6514
2013,Central Slopes,Central Slopes,10,1,18.8,frequent,14.4835,1/13/2006 0:15,1/13/2006 0:20,74903,1252,qcd_416023_77,-29.2913,151.9245
2014,Central Slopes,Central Slopes,10,1,17.4,frequent,14.5075,11/26/2001 16:55,11/26/2001 17:00,33973,449,qcd_054105,-30.3354,150.9338
2015,Central Slopes,Central Slopes,10,1,18.78,frequent,14.5423,2/11/1997 19:25,2/11/1997 19:30,74899,1252,qcd_416023_77,-29.2913,151.9245
2017,Central Slopes,Central Slopes,10,2,17,frequent,24.7035,3/4/2005 15:10,3/4/2005 15:15,75368,1266,qcd_416310a_66,-28.9173,151.5845
2018,Central Slopes,Central Slopes,10,2,12.8,frequent,50.1035,11/11/2004 15:20,11/11/2004 15:25,33238,440,qcd_048031,-29.5407,148.5818
2019,Central Slopes,Central Slopes,10,2,10.6,frequent,57.7779,3/30/2003 12:30,3/30/2003 12:35,33906,454,qcd_055194,-31.3365,150.8537
2020,Central Slopes,Central Slopes,10,3,19,frequent,14.5394,2/17/1999 18:05,2/17/1999 18:10,75427,1267,qcd_416317a_66,-28.5986,151.8886
2021,Central Slopes,Central Slopes,10,3,17.6,frequent,14.5587,12/8/2007 16:30,12/8/2007 16:35,31722,421,qcd_043020,-26.4888,147.9777
2022,Central Slopes,Central Slopes,10,1,13.65,frequent,55.0527,2/6/1990 19:10,2/6/1990 19:15,30456,403,qcd_041359,-27.4034,151.7413
2000,Central Slopes,Central Slopes,10,1,18.8,intermediate,11.7488,2/7/2010 15:05,2/7/2010 15:10,33456,442,qcd_051049,-31.9861,147.9489
2001,Central Slopes,Central Slopes,10,1,22.09,intermediate,5.2255,12/23/1983 15:00,12/23/1983 15:05,34776,458,qcd_056013,-29.6953,151.6936
2002,Central Slopes,Central Slopes,10,1,16.6,intermediate,13.8712,12/21/2006 14:15,12/21/2006 14:20,75961,1281,qcd_419081_77,-31.4303,151.1354
2003,Central Slopes,Central Slopes,10,1,27,intermediate,3.4244,12/25/2004 21:00,12/25/2004 21:05,30560,404,qcd_041430,-28.9653,151.47
2004,Central Slopes,Central Slopes,10,3,18.7,intermediate,13.7335,12/18/1982 18:50,12/18/1982 18:55,34950,459,qcd_056018,-29.7752,151.0819
2005,Central Slopes,Central Slopes,10,3,24.5,intermediate,4.4162,12/17/1994 17:20,12/17/1994 17:25,74913,1252,qcd_416023_77,-29.2913,151.9245
2008,Central Slopes,Central Slopes,10,3,21,intermediate,10.9842,12/14/1992 22:25,12/14/1992 22:30,75369,1266,qcd_416310a_66,-28.9173,151.5845
2009,Central Slopes,Central Slopes,10,1,18.15,intermediate,8.4836,11/20/1994 14:55,11/20/1994 15:00,41659,540,qcd_065035,-32.5059,148.9708
2010,Central Slopes,Central Slopes,10,1,15,intermediate,13.7556,2/15/2003 15:25,2/15/2003 15:30,41449,537,qcd_063254,-33.3211,149.0828
2011,Central Slopes,Central Slopes,10,1,19.25,intermediate,12.3985,11/14/2002 18:50,11/14/2002 18:55,75578,1272,qcd_418069_77,-29.6909,150.929
1981,Central Slopes,Central Slopes,10,1,40.2,rare,0.3234,2/7/2007 17:30,2/7/2007 17:35,74894,1252,qcd_416023_77,-29.2913,151.9245
1982,Central Slopes,Central Slopes,10,1,31,rare,1.5773,1/5/2006 22:30,1/5/2006 22:35,75453,1268,qcd_416415a_66,-28.5716,150.8455
1983,Central Slopes,Central Slopes,10,1,29.4,rare,2.9416,10/13/2005 16:25,10/13/2005 16:30,31453,418,qcd_042102,-27.9364,150.1425
1984,Central Slopes,Central Slopes,10,1,24,rare,2.1251,2/2/2002 19:10,2/2/2002 19:15,75667,1274,qcd_419016_77,-31.0598,151.1265
1986,Central Slopes,Central Slopes,10,3,25.5,rare,1.6424,11/29/2000 17:55,11/29/2000 18:00,76122,1285,qcd_419087_77,-31.5782,150.5318
1987,Central Slopes,Central Slopes,10,3,27.4,rare,0.9482,1/25/2006 12:10,1/25/2006 12:15,75680,1274,qcd_419016_77,-31.0598,151.1265
1992,Central Slopes,Central Slopes,10,3,29.38,rare,2.1723,11/9/1997 15:55,11/9/1997 16:00,30571,404,qcd_041430,-28.9653,151.47
1994,Central Slopes,Central Slopes,10,1,32.2,rare,1.6407,1/1/2000 20:35,1/1/2000 20:40,30634,405,qcd_041445,-28.2144,151.9194
1995,Central Slopes,Central Slopes,10,3,31.5,rare,0.3796,1/25/1996 8:50,1/25/1996 8:55,75954,1281,qcd_419081_77,-31.4303,151.1354
1996,Central Slopes,Central Slopes,10,1,34.56,rare,0.7508,3/31/1990 14:30,3/31/1990 14:35,33404,442,qcd_051049,-31.9861,147.9489
2049,Central Slopes,Central Slopes,15,1,19.11,frequent,14.6627,12/19/1970 16:25,12/19/1970 16:35,40907,531,qcd_063035,-33.0362,149.4146
2050,Central Slopes,Central Slopes,15,1,22,frequent,14.6988,3/17/2005 12:40,3/17/2005 12:50,33708,447,qcd_054102,-30.3735,150.6723
2051,Central Slopes,Central Slopes,15,1,23.47,frequent,15.8801,1/22/1993 18:55,1/22/1993 19:05,33806,448,qcd_054104,-29.3899,151.2448
2052,Central Slopes,Central Slopes,15,1,24.18,frequent,17.3217,4/3/1985 15:10,4/3/1985 15:20,29729,393,qcd_041056,-28.3344,152.2953
2053,Central Slopes,Central Slopes,15,2,26,frequent,14.491,12/6/2007 15:45,12/6/2007 15:55,75011,1255,qcd_416037_77,-28.6265,149.6677
2054,Central Slopes,Central Slopes,15,2,26.8,frequent,14.5288,12/23/2002 17:25,12/23/2002 17:35,19789,403,qcd_041359,-27.4034,151.7413
2056,Central Slopes,Central Slopes,15,2,27.2,frequent,14.6084,11/24/2005 17:20,11/24/2005 17:30,31993,423,qcd_043044,-26.6383,149.4261
2057,Central Slopes,Central Slopes,15,2,19.12,frequent,14.6333,2/1/1973 12:10,2/1/1973 12:20,40920,531,qcd_063035,-33.0362,149.4146
2058,Central Slopes,Central Slopes,15,3,17.12,frequent,15.4387,1/17/1974 16:10,1/17/1974 16:20,41222,534,qcd_063108,-33.7167,149.8667
2059,Central Slopes,Central Slopes,15,3,19.5,frequent,16.9237,2/9/2005 19:55,2/9/2005 20:05,75781,1277,qcd_419033_77,-31.3484,149.8855
2016,Central Slopes,Central Slopes,15,2,25.95,intermediate,9.862,2/11/1997 19:20,2/11/1997 19:30,74899,1252,qcd_416023_77,-29.2913,151.9245
2036,Central Slopes,Central Slopes,15,1,29.75,intermediate,5.6851,1/12/2007 14:30,1/12/2007 14:40,76160,1286,qcd_420003_77,-31.3845,149.2023
2037,Central Slopes,Central Slopes,15,1,22.36,intermediate,9.3607,11/28/1958 16:20,11/28/1958 16:30,28274,451,qcd_055024,-31.0261,150.2687
2038,Central Slopes,Central Slopes,15,1,25.6,intermediate,13.984,11/18/1999 15:15,11/18/1999 15:25,29718,393,qcd_041056,-28.3344,152.2953
2039,Central Slopes,Central Slopes,15,1,34.6,intermediate,3.7282,2/3/2008 21:05,2/3/2008 21:15,33251,440,qcd_048031,-29.5407,148.5818
2040,Central Slopes,Central Slopes,15,2,25.8,intermediate,9.362,12/28/2008 0:55,12/28/2008 1:05,34008,450,qcd_054138,-30.156,150.3889
2043,Central Slopes,Central Slopes,15,2,19.82,intermediate,8.8029,12/15/1961 21:45,12/15/1961 21:55,41218,534,qcd_063108,-33.7167,149.8667
2045,Central Slopes,Central Slopes,15,2,26.92,intermediate,13.7213,1/28/1995 17:00,1/28/1995 17:10,31388,417,qcd_042094,-27.8828,149.5925
2046,Central Slopes,Central Slopes,15,3,24.5,intermediate,6.8199,11/5/2005 12:20,11/5/2005 12:30,75789,1277,qcd_419033_77,-31.3484,149.8855
2048,Central Slopes,Central Slopes,15,3,24.5,intermediate,6.5842,3/4/1996 17:45,3/4/1996 17:55,75826,1278,qcd_419034_77,-31.4073,150.4309
1985,Central Slopes,Central Slopes,15,2,31.8,rare,1.5301,2/2/2002 19:10,2/2/2002 19:20,75667,1274,qcd_419016_77,-31.0598,151.1265
1988,Central Slopes,Central Slopes,15,2,34.6,rare,0.9136,1/25/2006 12:10,1/25/2006 12:20,75680,1274,qcd_419016_77,-31.0598,151.1265
2023,Central Slopes,Central Slopes,15,1,30.77,rare,1.457,3/22/1968 17:00,3/22/1968 17:10,40905,531,qcd_063035,-33.0362,149.4146
2024,Central Slopes,Central Slopes,15,2,40.8,rare,0.5885,1/25/1999 14:10,1/25/1999 14:20,34765,458,qcd_056013,-29.6953,151.6936
2025,Central Slopes,Central Slopes,15,2,45.6,rare,0.8433,1/17/2005 14:30,1/17/2005 14:40,30657,405,qcd_041445,-28.2144,151.9194
2028,Central Slopes,Central Slopes,15,2,32.5,rare,2.289,12/26/2002 12:05,12/26/2002 12:15,75214,1262,qcd_416061_77,-29.8748,151.4682
2029,Central Slopes,Central Slopes,15,3,43.64,rare,1.1837,3/26/1995 18:30,3/26/1995 18:40,30213,400,qcd_041139,-28.1672,150.6475
2032,Central Slopes,Central Slopes,15,2,39.2,rare,2.5102,11/8/2004 15:30,11/8/2004 15:40,29473,391,qcd_041018,-27.9317,151.9058
2033,Central Slopes,Central Slopes,15,2,40.4,rare,1.751,2/4/2008 18:20,2/4/2008 18:30,31470,418,qcd_042102,-27.9364,150.1425
2035,Central Slopes,Central Slopes,15,2,49.79,rare,0.5021,1/19/1988 19:30,1/19/1988 19:40,31455,418,qcd_042102,-27.9364,150.1425
2083,Central Slopes,Central Slopes,20,1,25.93,frequent,15.7904,3/26/1995 19:15,3/26/1995 19:30,34953,459,qcd_056018,-29.7752,151.0819
2085,Central Slopes,Central Slopes,20,1,24.62,frequent,16.0035,11/9/1976 12:15,11/9/1976 12:30,33714,447,qcd_054102,-30.3735,150.6723
2087,Central Slopes,Central Slopes,20,1,26.31,frequent,17.8377,2/25/1987 21:20,2/25/1987 21:35,30378,402,qcd_041175,-28.6217,151.9533
2088,Central Slopes,Central Slopes,20,1,22.4,frequent,19.3779,11/13/2002 20:35,11/13/2002 20:50,34648,456,qcd_055302,-31.3556,151.1358
2089,Central Slopes,Central Slopes,20,2,28.8,frequent,14.6102,2/3/2008 12:45,2/3/2008 13:00,31012,411,qcd_041525,-28.2061,152.1003
2090,Central Slopes,Central Slopes,20,2,29,frequent,14.6624,3/19/1999 3:50,3/19/1999 4:05,132693,2095,qcd_642201a_66,-26.2505,148.5014
2091,Central Slopes,Central Slopes,20,2,26.2,frequent,14.6727,10/15/2011 0:10,10/15/2011 0:25,33604,445,qcd_053115,-29.4898,149.8471
2092,Central Slopes,Central Slopes,20,2,29.8,frequent,14.9255,2/5/2010 23:50,2/6/2010 0:05,30170,400,qcd_041139,-28.1672,150.6475
2094,Central Slopes,Central Slopes,20,3,25,frequent,14.5941,12/5/2010 17:50,12/5/2010 18:05,33408,442,qcd_051049,-31.9861,147.9489
2096,Central Slopes,Central Slopes,20,3,29.35,frequent,14.6182,1/11/1974 18:55,1/11/1974 19:10,41601,539,qcd_064046,-31.2886,149.0687
2071,Central Slopes,Central Slopes,20,1,30.5,intermediate,6.4509,12/12/2006 14:55,12/12/2006 15:10,75558,1271,qcd_418014_77,-30.4673,151.3625
2072,Central Slopes,Central Slopes,20,1,26.3,intermediate,10.6451,11/16/1989 15:15,11/16/1989 15:30,34312,452,qcd_055054,-31.0867,150.8467
2073,Central Slopes,Central Slopes,20,1,26.6,intermediate,14.358,1/5/2002 14:50,1/5/2002 15:05,34923,459,qcd_056018,-29.7752,151.0819
2074,Central Slopes,Central Slopes,20,1,26.14,intermediate,9.0673,12/4/1978 19:35,12/4/1978 19:50,34352,453,qcd_055136,-30.9672,151.3451
2076,Central Slopes,Central Slopes,20,2,24.23,intermediate,11.7501,2/10/1971 19:55,2/10/1971 20:10,34131,451,qcd_055024,-31.0261,150.2687
2078,Central Slopes,Central Slopes,20,2,27.5,intermediate,7.2325,1/31/1998 13:50,1/31/1998 14:05,75967,1281,qcd_419081_77,-31.4303,151.1354
2079,Central Slopes,Central Slopes,20,2,41.4,intermediate,4.1151,11/26/2008 14:15,11/26/2008 14:30,29497,391,qcd_041018,-27.9317,151.9058
2080,Central Slopes,Central Slopes,20,2,23.66,intermediate,12.8913,1/4/1968 9:45,1/4/1968 10:00,34190,451,qcd_055024,-31.0261,150.2687
2081,Central Slopes,Central Slopes,20,3,33.81,intermediate,6.1063,12/11/1984 3:35,12/11/1984 3:50,29994,397,qcd_041100,-28.8544,151.1681
2082,Central Slopes,Central Slopes,20,3,28.2,intermediate,13.4506,1/15/2007 16:20,1/15/2007 16:35,33825,448,qcd_054104,-29.3899,151.2448
1989,Central Slopes,Central Slopes,20,1,40.4,rare,0.8266,1/25/2006 12:10,1/25/2006 12:25,75680,1274,qcd_419016_77,-31.0598,151.1265
1997,Central Slopes,Central Slopes,20,1,58.95,rare,0.3444,3/31/1990 14:30,3/31/1990 14:45,33404,442,qcd_051049,-31.9861,147.9489
2026,Central Slopes,Central Slopes,20,2,57.6,rare,0.5021,1/17/2005 14:25,1/17/2005 14:40,30657,405,qcd_041445,-28.2144,151.9194
2030,Central Slopes,Central Slopes,20,2,53.11,rare,0.8788,3/26/1995 18:30,3/26/1995 18:45,30213,400,qcd_041139,-28.1672,150.6475
2034,Central Slopes,Central Slopes,20,2,51,rare,1.0285,2/4/2008 18:20,2/4/2008 18:35,31470,418,qcd_042102,-27.9364,150.1425
2060,Central Slopes,Central Slopes,20,1,39.5,rare,2.0689,3/1/2007 0:55,3/1/2007 1:10,75099,1257,qcd_416055_77,-29.8295,151.1435
2063,Central Slopes,Central Slopes,20,2,32.41,rare,3.0509,12/12/1969 19:50,12/12/1969 20:05,34109,451,qcd_055024,-31.0261,150.2687
2064,Central Slopes,Central Slopes,20,2,32.97,rare,1.4686,12/26/1971 21:30,12/26/1971 21:45,41370,536,qcd_063253,-33.3167,149.05
2067,Central Slopes,Central Slopes,20,2,43.2,rare,0.7374,11/28/2008 20:30,11/28/2008 20:45,34710,457,qcd_055327,-31.1259,150.8323
2070,Central Slopes,Central Slopes,20,2,46,rare,1.9853,3/17/1999 18:05,3/17/1999 18:20,76403,1293,qcd_422338a_66,-28.0321,151.5853
2084,Central Slopes,Central Slopes,25,2,29.15,frequent,14.6996,3/26/1995 19:10,3/26/1995 19:30,34953,459,qcd_056018,-29.7752,151.0819
2114,Central Slopes,Central Slopes,25,1,30.32,frequent,14.6526,2/5/1993 16:00,2/5/1993 16:20,33817,448,qcd_054104,-29.3899,151.2448
2115,Central Slopes,Central Slopes,25,1,24.67,frequent,14.8583,5/13/1995 22:10,5/13/1995 22:30,41660,540,qcd_065035,-32.5059,148.9708
2116,Central Slopes,Central Slopes,25,1,33.84,frequent,15.2139,1/10/1976 15:05,1/10/1976 15:25,30464,403,qcd_041359,-27.4034,151.7413
2118,Central Slopes,Central Slopes,25,1,34.61,frequent,16.2102,1/12/1971 21:35,1/12/1971 21:55,31057,412,qcd_042016,-27.3411,150.0619
2119,Central Slopes,Central Slopes,25,2,35.82,frequent,14.6838,12/22/1989 19:55,12/22/1989 20:15,30285,401,qcd_041140,-27.1864,151.2553
2120,Central Slopes,Central Slopes,25,2,26.26,frequent,14.9339,2/12/1997 17:10,2/12/1997 17:30,34622,456,qcd_055302,-31.3556,151.1358
2121,Central Slopes,Central Slopes,25,2,24.54,frequent,15.167,12/10/1983 15:10,12/10/1983 15:30,41621,540,qcd_065035,-32.5059,148.9708
2122,Central Slopes,Central Slopes,25,3,30.4,frequent,16.0353,10/15/2011 1:00,10/15/2011 1:20,30905,409,qcd_041521,-28.5211,150.3256
2124,Central Slopes,Central Slopes,25,3,26.91,frequent,16.3056,12/19/1982 15:00,12/19/1982 15:20,33716,447,qcd_054102,-30.3735,150.6723
2055,Central Slopes,Central Slopes,25,1,35,intermediate,13.3393,12/23/2002 17:30,12/23/2002 17:50,19789,403,qcd_041359,-27.4034,151.7413
2102,Central Slopes,Central Slopes,25,1,29,intermediate,9.8799,2/13/2006 17:00,2/13/2006 17:20,34643,456,qcd_055302,-31.3556,151.1358
2103,Central Slopes,Central Slopes,25,1,37.8,intermediate,5.641,11/9/2009 16:15,11/9/2009 16:35,29998,397,qcd_041100,-28.8544,151.1681
2106,Central Slopes,Central Slopes,25,1,38,intermediate,8.6285,1/12/2011 18:05,1/12/2011 18:25,31145,413,qcd_042027,-28.4872,149.47
2107,Central Slopes,Central Slopes,25,2,35.8,intermediate,10.795,12/26/2003 21:40,12/26/2003 22:00,30214,400,qcd_041139,-28.1672,150.6475
2108,Central Slopes,Central Slopes,25,2,37,intermediate,5.0634,12/15/2003 14:40,12/15/2003 15:00,35231,464,qcd_056140,-29.4684,151.6667
2109,Central Slopes,Central Slopes,25,2,22.42,intermediate,12.8301,2/3/1973 4:20,2/3/1973 4:40,41249,534,qcd_063108,-33.7167,149.8667
2111,Central Slopes,Central Slopes,25,2,33.2,intermediate,10.2746,3/23/2010 0:45,3/23/2010 1:05,29984,397,qcd_041100,-28.8544,151.1681
2112,Central Slopes,Central Slopes,25,3,29.1,intermediate,12.3109,2/16/1973 1:05,2/16/1973 1:25,31758,421,qcd_043020,-26.4888,147.9777
2113,Central Slopes,Central Slopes,25,3,28.94,intermediate,4.3407,12/20/1973 18:15,12/20/1973 18:35,40604,527,qcd_062026,-32.8079,149.977
1993,Central Slopes,Central Slopes,25,1,50.99,rare,1.2545,11/9/1997 15:55,11/9/1997 16:15,30571,404,qcd_041430,-28.9653,151.47
2027,Central Slopes,Central Slopes,25,2,64,rare,0.4846,1/17/2005 14:25,1/17/2005 14:45,30657,405,qcd_041445,-28.2144,151.9194
2031,Central Slopes,Central Slopes,25,2,62.58,rare,0.5879,3/26/1995 18:30,3/26/1995 18:50,30213,400,qcd_041139,-28.1672,150.6475
2041,Central Slopes,Central Slopes,25,2,42,rare,2.7882,12/28/2008 0:45,12/28/2008 1:05,34008,450,qcd_054138,-30.156,150.3889
2047,Central Slopes,Central Slopes,25,2,38,rare,2.4904,11/5/2005 12:15,11/5/2005 12:35,75789,1277,qcd_419033_77,-31.3484,149.8855
2061,Central Slopes,Central Slopes,25,1,45.75,rare,1.5766,3/1/2007 0:55,3/1/2007 1:15,75099,1257,qcd_416055_77,-29.8295,151.1435
2065,Central Slopes,Central Slopes,25,2,38.1,rare,1.0406,12/26/1971 21:25,12/26/1971 21:45,41370,536,qcd_063253,-33.3167,149.05
2097,Central Slopes,Central Slopes,25,1,36.15,rare,1.8982,1/26/1973 19:30,1/26/1973 19:50,40923,531,qcd_063035,-33.0362,149.4146
2099,Central Slopes,Central Slopes,25,1,47.8,rare,1.7659,11/27/2006 19:15,11/27/2006 19:35,30054,398,qcd_041116,-28.9231,151.9306
2101,Central Slopes,Central Slopes,25,2,45,rare,2.6667,2/5/1996 22:50,2/5/1996 23:10,75455,1268,qcd_416415a_66,-28.5716,150.8455
2139,Central Slopes,Central Slopes,30,1,32.6,frequent,14.7086,12/29/2009 16:20,12/29/2009 16:45,30032,397,qcd_041100,-28.8544,151.1681
2142,Central Slopes,Central Slopes,30,1,38.3,frequent,14.9031,1/27/1996 0:40,1/27/1996 1:05,30806,407,qcd_041497,-27.1494,151.2894
2143,Central Slopes,Central Slopes,30,1,31.23,frequent,14.9442,3/11/1975 12:15,3/11/1975 12:40,34967,459,qcd_056018,-29.7752,151.0819
2144,Central Slopes,Central Slopes,30,1,29.2,frequent,14.9705,1/28/1997 16:25,1/28/1997 16:50,33952,449,qcd_054105,-30.3354,150.9338
2145,Central Slopes,Central Slopes,30,2,33.8,frequent,14.4706,1/12/1971 21:30,1/12/1971 21:55,30103,399,qcd_041122,-28.5725,150.7542
2146,Central Slopes,Central Slopes,30,2,34.66,frequent,14.7428,1/24/1985 14:45,1/24/1985 15:10,29745,393,qcd_041056,-28.3344,152.2953
2147,Central Slopes,Central Slopes,30,2,34.6,frequent,14.8417,12/23/1997 14:30,12/23/1997 14:55,29739,393,qcd_041056,-28.3344,152.2953
2148,Central Slopes,Central Slopes,30,2,29.2,frequent,14.9705,12/7/1996 17:55,12/7/1996 18:20,33965,449,qcd_054105,-30.3354,150.9338
2150,Central Slopes,Central Slopes,30,3,35.05,frequent,14.9283,1/19/1988 21:00,1/19/1988 21:25,29865,394,qcd_041060,-28.0092,151.5861
2151,Central Slopes,Central Slopes,30,3,26.2,frequent,16.1847,1/9/1978 9:30,1/9/1978 9:55,34114,451,qcd_055024,-31.0261,150.2687
2086,Central Slopes,Central Slopes,30,1,32.32,intermediate,10.785,11/9/1976 12:10,11/9/1976 12:35,33714,447,qcd_054102,-30.3735,150.6723
2095,Central Slopes,Central Slopes,30,3,31.8,intermediate,11.2533,12/5/2010 17:40,12/5/2010 18:05,33408,442,qcd_051049,-31.9861,147.9489
2104,Central Slopes,Central Slopes,30,1,43.2,intermediate,4.1412,11/9/2009 16:15,11/9/2009 16:40,29998,397,qcd_041100,-28.8544,151.1681
2117,Central Slopes,Central Slopes,30,1,38.15,intermediate,12.7466,1/10/1976 15:05,1/10/1976 15:30,30464,403,qcd_041359,-27.4034,151.7413
2123,Central Slopes,Central Slopes,30,2,35.6,intermediate,11.6235,10/15/2011 0:55,10/15/2011 1:20,30905,409,qcd_041521,-28.5211,150.3256
2134,Central Slopes,Central Slopes,30,1,34.6,intermediate,12.5577,2/1/1999 14:30,2/1/1999 14:55,30582,404,qcd_041430,-28.9653,151.47
2135,Central Slopes,Central Slopes,30,2,38,intermediate,13.377,2/2/2002 14:50,2/2/2002 15:15,29484,391,qcd_041018,-27.9317,151.9058
2136,Central Slopes,Central Slopes,30,2,38,intermediate,13.377,11/24/1998 12:30,11/24/1998 12:55,29502,391,qcd_041018,-27.9317,151.9058
2137,Central Slopes,Central Slopes,30,2,25.23,intermediate,11.843,1/12/1971 17:10,1/12/1971 17:35,40601,527,qcd_062026,-32.8079,149.977
2138,Central Slopes,Central Slopes,30,3,35.69,intermediate,8.4015,12/23/1981 6:30,12/23/1981 6:55,24796,450,qcd_054138,-30.156,150.3889
2042,Central Slopes,Central Slopes,30,2,48.8,rare,1.8241,12/28/2008 0:45,12/28/2008 1:10,34008,450,qcd_054138,-30.156,150.3889
2044,Central Slopes,Central Slopes,30,2,35.7,rare,1.9819,12/15/1961 21:25,12/15/1961 21:50,41218,534,qcd_063108,-33.7167,149.8667
2062,Central Slopes,Central Slopes,30,1,49.5,rare,1.5363,3/1/2007 0:55,3/1/2007 1:20,75099,1257,qcd_416055_77,-29.8295,151.1435
2098,Central Slopes,Central Slopes,30,2,41.82,rare,1.1951,1/26/1973 19:25,1/26/1973 19:50,40923,531,qcd_063035,-33.0362,149.4146
2100,Central Slopes,Central Slopes,30,1,54.2,rare,1.315,11/27/2006 19:15,11/27/2006 19:40,30054,398,qcd_041116,-28.9231,151.9306
2125,Central Slopes,Central Slopes,30,2,51.5,rare,1.4409,2/2/1997 10:55,2/2/1997 11:20,75048,1256,qcd_416040_77,-28.692,150.8917
2126,Central Slopes,Central Slopes,30,2,49,rare,1.8119,2/15/2006 13:25,2/15/2006 13:50,75190,1261,qcd_416059_77,-29.8065,151.4197
2128,Central Slopes,Central Slopes,30,3,47.61,rare,1.666,1/19/1988 19:30,1/19/1988 19:55,31769,421,qcd_043020,-26.4888,147.9777
2132,Central Slopes,Central Slopes,30,3,59.2,rare,0.45,11/5/2005 15:55,11/5/2005 16:20,33709,447,qcd_054102,-30.3735,150.6723
2133,Central Slopes,Central Slopes,30,2,45.5,rare,2.9059,12/18/1995 2:45,12/18/1995 3:10,74897,1252,qcd_416023_77,-29.2913,151.9245
2173,Central Slopes,Central Slopes,45,1,39.8,frequent,15.3559,12/26/2010 15:50,12/26/2010 16:30,41600,539,qcd_064046,-31.2886,149.0687
2174,Central Slopes,Central Slopes,45,1,39.85,frequent,15.6074,11/4/1990 19:00,11/4/1990 19:40,29826,394,qcd_041060,-28.0092,151.5861
2175,Central Slopes,Central Slopes,45,1,35.25,frequent,16.3094,1/2/1995 16:45,1/2/1995 17:25,75587,1272,qcd_418069_77,-29.6909,150.929
2176,Central Slopes,Central Slopes,45,1,36,frequent,16.8088,2/27/2007 18:15,2/27/2007 18:55,76161,1286,qcd_420003_77,-31.3845,149.2023
2177,Central Slopes,Central Slopes,45,2,44.83,frequent,14.4248,2/8/1990 0:05,2/8/1990 0:45,30299,401,qcd_041140,-27.1864,151.2553
2178,Central Slopes,Central Slopes,45,2,35.87,frequent,14.5084,12/5/2003 3:45,12/5/2003 4:25,75226,1262,qcd_416061_77,-29.8748,151.4682
2179,Central Slopes,Central Slopes,45,2,38.34,frequent,14.5107,1/10/1977 19:30,1/10/1977 20:10,30382,402,qcd_041175,-28.6217,151.9533
2180,Central Slopes,Central Slopes,45,2,37.04,frequent,14.5843,12/10/1995 18:30,12/10/1995 19:10,74896,1252,qcd_416023_77,-29.2913,151.9245
2181,Central Slopes,Central Slopes,45,3,36.02,frequent,15.3441,5/13/1968 4:10,5/13/1968 4:50,34991,459,qcd_056018,-29.7752,151.0819
2182,Central Slopes,Central Slopes,45,3,35.12,frequent,15.4566,1/20/1978 16:45,1/20/1978 17:25,34001,450,qcd_054138,-30.156,150.3889
2075,Central Slopes,Central Slopes,45,1,36.67,intermediate,7.8573,12/4/1978 19:30,12/4/1978 20:10,34352,453,qcd_055136,-30.9672,151.3451
2158,Central Slopes,Central Slopes,45,1,48.5,intermediate,3.9906,12/5/2003 2:10,12/5/2003 2:50,75089,1257,qcd_416055_77,-29.8295,151.1435
2162,Central Slopes,Central Slopes,45,1,37.99,intermediate,9.557,3/25/1989 23:35,3/26/1989 0:15,31751,421,qcd_043020,-26.4888,147.9777
2163,Central Slopes,Central Slopes,45,1,47.2,intermediate,3.6005,2/7/2010 17:25,2/7/2010 18:05,31756,421,qcd_043020,-26.4888,147.9777
2164,Central Slopes,Central Slopes,45,2,34.87,intermediate,4.3615,2/2/1963 21:40,2/2/1963 22:20,41239,534,qcd_063108,-33.7167,149.8667
2167,Central Slopes,Central Slopes,45,2,43,intermediate,9.6901,5/17/1998 19:45,5/17/1998 20:25,30114,399,qcd_041122,-28.5725,150.7542
2168,Central Slopes,Central Slopes,45,2,31.76,intermediate,13.584,1/26/1991 19:35,1/26/1991 20:15,34136,451,qcd_055024,-31.0261,150.2687
2169,Central Slopes,Central Slopes,45,2,49.2,intermediate,6.8312,2/4/2008 23:05,2/4/2008 23:45,23903,395,qcd_041063,-28.0106,151.5856
2170,Central Slopes,Central Slopes,45,3,34.54,intermediate,8.8252,2/23/1982 11:10,2/23/1982 11:50,41721,540,qcd_065035,-32.5059,148.9708
2172,Central Slopes,Central Slopes,45,3,51.2,intermediate,3.7271,10/31/2005 18:25,10/31/2005 19:05,30583,404,qcd_041430,-28.9653,151.47
1990,Central Slopes,Central Slopes,45,1,59.4,rare,0.493,1/25/2006 12:05,1/25/2006 12:45,75680,1274,qcd_419016_77,-31.0598,151.1265
1998,Central Slopes,Central Slopes,45,1,96.49,rare,0.1423,3/31/1990 14:25,3/31/1990 15:05,33404,442,qcd_051049,-31.9861,147.9489
2066,Central Slopes,Central Slopes,45,2,53.6,rare,0.4416,12/26/1971 21:10,12/26/1971 21:50,41370,536,qcd_063253,-33.3167,149.05
2068,Central Slopes,Central Slopes,45,1,61,rare,0.6098,11/28/2008 20:25,11/28/2008 21:05,34710,457,qcd_055327,-31.1259,150.8323
2077,Central Slopes,Central Slopes,45,2,45.14,rare,2.7865,2/10/1971 19:35,2/10/1971 20:15,34131,451,qcd_055024,-31.0261,150.2687
2127,Central Slopes,Central Slopes,45,2,70.5,rare,0.5926,2/15/2006 13:10,2/15/2006 13:50,75190,1261,qcd_416059_77,-29.8065,151.4197
2129,Central Slopes,Central Slopes,45,3,59.89,rare,0.9839,1/19/1988 19:15,1/19/1988 19:55,31769,421,qcd_043020,-26.4888,147.9777
2152,Central Slopes,Central Slopes,45,1,60.2,rare,2.7884,2/9/1998 14:55,2/9/1998 15:35,30517,403,qcd_041359,-27.4034,151.7413
2156,Central Slopes,Central Slopes,45,2,64.55,rare,1.8444,2/11/1997 21:30,2/11/1997 22:10,30861,408,qcd_041512,-27.3825,151.9244
2157,Central Slopes,Central Slopes,45,2,54,rare,2.7663,12/25/2004 20:55,12/25/2004 21:35,75390,1266,qcd_416310a_66,-28.9173,151.5845
2201,Central Slopes,Central Slopes,60,1,37.25,frequent,15.2455,3/25/2001 1:15,3/25/2001 2:10,75491,1269,qcd_418008_77,-30.171,151.0653
2202,Central Slopes,Central Slopes,60,1,35.2,frequent,15.4144,11/28/2008 19:20,11/28/2008 20:15,34659,456,qcd_055302,-31.3556,151.1358
2204,Central Slopes,Central Slopes,60,1,43.6,frequent,15.5736,12/13/2003 1:25,12/13/2003 2:20,29874,395,qcd_041063,-28.0106,151.5856
2205,Central Slopes,Central Slopes,60,1,46.6,frequent,16.2011,12/6/1996 18:40,12/6/1996 19:35,31998,423,qcd_043044,-26.6383,149.4261
2206,Central Slopes,Central Slopes,60,2,44.67,frequent,14.4962,2/18/1995 19:00,2/18/1995 19:55,30669,405,qcd_041445,-28.2144,151.9194
2208,Central Slopes,Central Slopes,60,2,35.8,frequent,14.746,12/10/2010 10:30,12/10/2010 11:25,34703,457,qcd_055327,-31.1259,150.8323
2209,Central Slopes,Central Slopes,60,2,43.8,frequent,14.8695,1/31/2001 14:50,1/31/2001 15:45,31472,418,qcd_042102,-27.9364,150.1425
2210,Central Slopes,Central Slopes,60,2,40.5,frequent,14.9417,11/1/2005 10:50,11/1/2005 11:45,75293,1264,qcd_416063_77,-29.9281,151.4399
2211,Central Slopes,Central Slopes,60,3,44.2,frequent,15.1199,3/14/2004 23:05,3/15/2004 0:00,31185,413,qcd_042027,-28.4872,149.47
2213,Central Slopes,Central Slopes,60,3,43.8,frequent,15.4414,12/21/2007 23:55,12/22/2007 0:50,41636,539,qcd_064046,-31.2886,149.0687
2171,Central Slopes,Central Slopes,60,3,40.02,intermediate,6.7331,2/23/1982 11:00,2/23/1982 11:55,41721,540,qcd_065035,-32.5059,148.9708
2188,Central Slopes,Central Slopes,60,1,49.8,intermediate,6.5835,1/12/2006 21:00,1/12/2006 21:55,30590,404,qcd_041430,-28.9653,151.47
2189,Central Slopes,Central Slopes,60,1,49.4,intermediate,8.2636,12/19/2009 17:55,12/19/2009 18:50,31004,411,qcd_041525,-28.2061,152.1003
2190,Central Slopes,Central Slopes,60,1,53.8,intermediate,6.4987,2/15/1997 14:35,2/15/1997 15:30,31487,418,qcd_042102,-27.9364,150.1425
2193,Central Slopes,Central Slopes,60,1,36.2,intermediate,13.2104,11/27/2005 9:00,11/27/2005 9:55,34524,454,qcd_055194,-31.3365,150.8537
2194,Central Slopes,Central Slopes,60,2,44.88,intermediate,7.1249,12/26/1988 22:25,12/26/1988 23:20,33730,447,qcd_054102,-30.3735,150.6723
2196,Central Slopes,Central Slopes,60,2,53.4,intermediate,8.1026,1/9/2000 18:45,1/9/2000 19:40,32126,425,qcd_043090,-27.9067,148.6514
2197,Central Slopes,Central Slopes,60,2,41.33,intermediate,7.692,3/2/1979 18:15,3/2/1979 19:10,34644,456,qcd_055302,-31.3556,151.1358
2198,Central Slopes,Central Slopes,60,2,44.8,intermediate,10.2493,2/12/1998 4:10,2/12/1998 5:05,30006,397,qcd_041100,-28.8544,151.1681
2200,Central Slopes,Central Slopes,60,3,54,intermediate,8.447,11/24/2001 16:05,11/24/2001 17:00,10701,422,qcd_043035,-27.159,149.0703
1991,Central Slopes,Central Slopes,60,1,65.7,rare,0.4504,1/25/2006 12:05,1/25/2006 13:00,75680,1274,qcd_419016_77,-31.0598,151.1265
1999,Central Slopes,Central Slopes,60,1,106.37,rare,0.1374,3/31/1990 14:25,3/31/1990 15:20,33404,442,qcd_051049,-31.9861,147.9489
2093,Central Slopes,Central Slopes,60,2,69.4,rare,2.0749,2/5/2010 23:45,2/6/2010 0:40,30170,400,qcd_041139,-28.1672,150.6475
2130,Central Slopes,Central Slopes,60,3,74.68,rare,0.4268,1/19/1988 19:00,1/19/1988 19:55,31769,421,qcd_043020,-26.4888,147.9777
2153,Central Slopes,Central Slopes,60,1,72.4,rare,1.6452,2/9/1998 14:50,2/9/1998 15:45,30517,403,qcd_041359,-27.4034,151.7413
2159,Central Slopes,Central Slopes,60,1,59.75,rare,2.1358,12/5/2003 2:10,12/5/2003 3:05,75089,1257,qcd_416055_77,-29.8295,151.1435
2183,Central Slopes,Central Slopes,60,2,85.41,rare,0.4299,3/15/1979 14:05,3/15/1979 15:00,29743,393,qcd_041056,-28.3344,152.2953
2184,Central Slopes,Central Slopes,60,2,100.8,rare,0.2432,2/12/2009 23:15,2/13/2009 0:10,32012,423,qcd_043044,-26.6383,149.4261
2185,Central Slopes,Central Slopes,60,2,93.88,rare,0.3323,1/2/1995 21:45,1/2/1995 22:40,30221,400,qcd_041139,-28.1672,150.6475
2187,Central Slopes,Central Slopes,60,3,74.5,rare,1.3635,12/12/1982 19:00,12/12/1982 19:55,29821,394,qcd_041060,-28.0092,151.5861
2140,Central Slopes,Central Slopes,90,2,46,frequent,14.4472,12/28/2009 22:00,12/28/2009 23:25,30032,397,qcd_041100,-28.8544,151.1681
2237,Central Slopes,Central Slopes,90,1,46.5,frequent,14.8747,12/5/2003 2:40,12/5/2003 4:05,75294,1264,qcd_416063_77,-29.9281,151.4399
2238,Central Slopes,Central Slopes,90,1,45.69,frequent,14.9837,9/29/1996 23:30,9/30/1996 0:55,33857,448,qcd_054104,-29.3899,151.2448
2239,Central Slopes,Central Slopes,90,1,43.45,frequent,15.9446,12/11/1991 14:45,12/11/1991 16:10,33569,444,qcd_053048,-29.4819,149.8383
2242,Central Slopes,Central Slopes,90,1,34.63,frequent,16.2167,2/3/1973 1:50,2/3/1973 3:15,40924,531,qcd_063035,-33.0362,149.4146
2245,Central Slopes,Central Slopes,90,2,38.09,frequent,14.6082,2/24/1976 17:40,2/24/1976 19:05,41733,540,qcd_065035,-32.5059,148.9708
2246,Central Slopes,Central Slopes,90,2,47.6,frequent,14.9974,10/10/2007 19:50,10/10/2007 21:15,31008,411,qcd_041525,-28.2061,152.1003
2247,Central Slopes,Central Slopes,90,2,53.2,frequent,15.5155,3/19/2011 16:45,3/19/2011 18:10,32190,426,qcd_043091,-26.5474,148.7716
2249,Central Slopes,Central Slopes,90,3,49.4,frequent,14.9442,3/3/1999 8:55,3/3/1999 10:20,30679,405,qcd_041445,-28.2144,151.9194
2250,Central Slopes,Central Slopes,90,3,42.6,frequent,15.2723,3/1/2007 3:45,3/1/2007 5:10,34797,458,qcd_056013,-29.6953,151.6936
2105,Central Slopes,Central Slopes,90,1,62.8,intermediate,3.3647,11/9/2009 16:15,11/9/2009 17:40,29998,397,qcd_041100,-28.8544,151.1681
2227,Central Slopes,Central Slopes,90,1,35.43,intermediate,10.8162,5/18/1963 9:25,5/18/1963 10:50,41228,534,qcd_063108,-33.7167,149.8667
2228,Central Slopes,Central Slopes,90,1,60,intermediate,8.702,2/8/1998 21:55,2/8/1998 23:20,31899,422,qcd_043035,-27.159,149.0703
2229,Central Slopes,Central Slopes,90,1,45.98,intermediate,7.2015,10/6/1996 18:40,10/6/1996 20:05,34149,451,qcd_055024,-31.0261,150.2687
2230,Central Slopes,Central Slopes,90,2,52.14,intermediate,3.9836,12/11/1984 1:45,12/11/1984 3:10,34145,451,qcd_055024,-31.0261,150.2687
2231,Central Slopes,Central Slopes,90,2,56.34,intermediate,12.502,1/21/1978 22:55,1/22/1978 0:20,32003,423,qcd_043044,-26.6383,149.4261
2232,Central Slopes,Central Slopes,90,2,59.75,intermediate,13.1485,12/22/1993 23:25,12/23/1993 0:50,76369,1292,qcd_422336a_66,-26.9043,150.783
2233,Central Slopes,Central Slopes,90,2,39.04,intermediate,6.8749,10/29/1963 18:25,10/29/1963 19:50,41241,534,qcd_063108,-33.7167,149.8667
2235,Central Slopes,Central Slopes,90,3,55,intermediate,13.8072,11/24/2007 19:25,11/24/2007 20:50,32176,426,qcd_043091,-26.5474,148.7716
2236,Central Slopes,Central Slopes,90,3,44.1,intermediate,8.0615,11/10/2005 13:30,11/10/2005 14:55,75679,1274,qcd_419016_77,-31.0598,151.1265
2154,Central Slopes,Central Slopes,90,1,84.4,rare,1.2765,2/9/1998 14:50,2/9/1998 16:15,30517,403,qcd_041359,-27.4034,151.7413
2160,Central Slopes,Central Slopes,90,2,72.75,rare,1.3439,12/5/2003 1:50,12/5/2003 3:15,75089,1257,qcd_416055_77,-29.8295,151.1435
2165,Central Slopes,Central Slopes,90,1,56.56,rare,0.8127,2/2/1963 21:45,2/2/1963 23:10,41239,534,qcd_063108,-33.7167,149.8667
2186,Central Slopes,Central Slopes,90,2,108.7,rare,0.2514,1/2/1995 21:40,1/2/1995 23:05,30221,400,qcd_041139,-28.1672,150.6475
2217,Central Slopes,Central Slopes,90,1,94.99,rare,0.5427,1/25/1992 21:10,1/25/1992 22:35,30665,405,qcd_041445,-28.2144,151.9194
2219,Central Slopes,Central Slopes,90,1,73.91,rare,3.0469,2/5/1980 17:30,2/5/1980 18:55,29501,391,qcd_041018,-27.9317,151.9058
2220,Central Slopes,Central Slopes,90,2,78.67,rare,0.8598,2/26/1976 5:55,2/26/1976 7:20,34983,459,qcd_056018,-29.7752,151.0819
2222,Central Slopes,Central Slopes,90,2,115,rare,0.2351,2/6/1995 2:20,2/6/1995 3:45,132743,2096,qcd_642202a_66,-26.4094,148.6549
2224,Central Slopes,Central Slopes,90,3,48.3,rare,2.1204,1/25/2004 14:05,1/25/2004 15:30,111868,1806,qcd_562101_231,-32.9052,150.0371
2226,Central Slopes,Central Slopes,90,3,70.8,rare,2.6017,2/14/1997 14:05,2/14/1997 15:30,30912,409,qcd_041521,-28.5211,150.3256
2268,Central Slopes,Central Slopes,120,1,41.6,frequent,15.3081,2/16/1998 12:30,2/16/1998 14:25,75968,1281,qcd_419081_77,-31.4303,151.1354
2269,Central Slopes,Central Slopes,120,1,44.6,frequent,15.6672,1/25/2004 16:25,1/25/2004 18:20,33727,447,qcd_054102,-30.3735,150.6723
2270,Central Slopes,Central Slopes,120,1,55.46,frequent,15.8165,1/14/1993 15:05,1/14/1993 17:00,41604,539,qcd_064046,-31.2886,149.0687
2271,Central Slopes,Central Slopes,120,1,51.82,frequent,16.1685,1/3/2007 0:05,1/3/2007 2:00,132700,2095,qcd_642201a_66,-26.2505,148.5014
2272,Central Slopes,Central Slopes,120,2,41.99,frequent,14.6444,1/16/2004 21:15,1/16/2004 23:10,76024,1282,qcd_419084_77,-31.0352,150.3339
2273,Central Slopes,Central Slopes,120,2,58.2,frequent,14.7526,10/24/2003 14:55,10/24/2003 16:50,30965,410,qcd_041522,-27.1605,151.2634
2274,Central Slopes,Central Slopes,120,2,54.6,frequent,14.8859,1/7/2002 1:05,1/7/2002 3:00,32139,425,qcd_043090,-27.9067,148.6514
2276,Central Slopes,Central Slopes,120,2,43.4,frequent,15.1332,11/12/1998 14:55,11/12/1998 16:50,31765,421,qcd_043020,-26.4888,147.9777
2277,Central Slopes,Central Slopes,120,3,41.99,frequent,14.5045,2/24/1955 1:00,2/24/1955 2:55,34243,451,qcd_055024,-31.0261,150.2687
2278,Central Slopes,Central Slopes,120,3,41.89,frequent,14.8693,12/10/1995 4:40,12/10/1995 6:35,75979,1281,qcd_419081_77,-31.4303,151.1354
2234,Central Slopes,Central Slopes,120,2,43.29,intermediate,6.0582,10/29/1963 18:10,10/29/1963 20:05,41241,534,qcd_063108,-33.7167,149.8667
2256,Central Slopes,Central Slopes,120,1,45.12,intermediate,13.2585,11/28/1983 14:25,11/28/1983 16:20,31787,421,qcd_043020,-26.4888,147.9777
2257,Central Slopes,Central Slopes,120,1,59.5,intermediate,9.7825,1/23/1991 4:05,1/23/1991 6:00,30220,400,qcd_041139,-28.1672,150.6475
2258,Central Slopes,Central Slopes,120,1,79.51,intermediate,4.1204,1/2/1996 21:20,1/2/1996 23:15,32174,426,qcd_043091,-26.5474,148.7716
2259,Central Slopes,Central Slopes,120,1,46.4,intermediate,9.7729,12/22/2007 10:30,12/22/2007 12:25,34150,451,qcd_055024,-31.0261,150.2687
2260,Central Slopes,Central Slopes,120,2,56,intermediate,13.881,12/4/2010 14:10,12/4/2010 16:05,30490,403,qcd_041359,-27.4034,151.7413
2261,Central Slopes,Central Slopes,120,2,51.01,intermediate,6.9485,12/14/2000 11:50,12/14/2000 13:45,76132,1285,qcd_419087_77,-31.5782,150.5318
2262,Central Slopes,Central Slopes,120,2,44.07,intermediate,12.0151,4/7/1977 7:20,4/7/1977 9:15,34444,453,qcd_055136,-30.9672,151.3451
2265,Central Slopes,Central Slopes,120,3,54.02,intermediate,9.8223,1/5/2008 17:20,1/5/2008 19:15,75093,1257,qcd_416055_77,-29.8295,151.1435
2266,Central Slopes,Central Slopes,120,3,48.2,intermediate,10.4277,3/2/2010 1:10,3/2/2010 3:05,31817,421,qcd_043020,-26.4888,147.9777
2006,Central Slopes,Central Slopes,120,1,80.25,rare,1.0696,12/17/1994 14:30,12/17/1994 16:25,74913,1252,qcd_416023_77,-29.2913,151.9245
2161,Central Slopes,Central Slopes,120,1,85.25,rare,0.8411,12/5/2003 1:50,12/5/2003 3:45,75089,1257,qcd_416055_77,-29.8295,151.1435
2166,Central Slopes,Central Slopes,120,1,68.44,rare,0.369,2/2/1963 21:45,2/2/1963 23:40,41239,534,qcd_063108,-33.7167,149.8667
2221,Central Slopes,Central Slopes,120,2,89.04,rare,0.6683,2/26/1976 5:55,2/26/1976 7:50,34983,459,qcd_056018,-29.7752,151.0819
2223,Central Slopes,Central Slopes,120,2,134.5,rare,0.1371,2/6/1995 2:10,2/6/1995 4:05,132743,2096,qcd_642202a_66,-26.4094,148.6549
2225,Central Slopes,Central Slopes,120,2,58.83,rare,0.9301,1/25/2004 13:50,1/25/2004 15:45,111868,1806,qcd_562101_231,-32.9052,150.0371
2251,Central Slopes,Central Slopes,120,1,74.69,rare,2.4442,12/15/1998 17:45,12/15/1998 19:40,29618,392,qcd_041044,-28.2061,152.1003
2252,Central Slopes,Central Slopes,120,2,69.5,rare,1.4408,11/13/2000 17:45,11/13/2000 19:40,76056,1283,qcd_419085_77,-31.3695,149.8678
2253,Central Slopes,Central Slopes,120,3,86.5,rare,1.7629,3/25/2001 17:40,3/25/2001 19:35,132704,2095,qcd_642201a_66,-26.2505,148.5014
2255,Central Slopes,Central Slopes,120,3,80.2,rare,2.8503,2/11/2007 22:55,2/12/2007 0:50,31413,417,qcd_042094,-27.8828,149.5925
2307,Central Slopes,Central Slopes,180,1,48.69,frequent,14.6227,12/13/1981 20:10,12/13/1981 23:05,31783,421,qcd_043020,-26.4888,147.9777
2308,Central Slopes,Central Slopes,180,1,47.75,frequent,14.8568,2/26/2007 11:25,2/26/2007 14:20,75784,1277,qcd_419033_77,-31.3484,149.8855
2309,Central Slopes,Central Slopes,180,1,46.6,frequent,14.9932,3/21/2001 11:10,3/21/2001 14:05,34443,453,qcd_055136,-30.9672,151.3451
2310,Central Slopes,Central Slopes,180,1,53.6,frequent,15.0415,3/7/2000 9:20,3/7/2000 12:15,33605,445,qcd_053115,-29.4898,149.8471
2311,Central Slopes,Central Slopes,180,2,61.6,frequent,14.4564,12/27/2010 9:05,12/27/2010 12:00,29524,391,qcd_041018,-27.9317,151.9058
2316,Central Slopes,Central Slopes,180,2,61.4,frequent,14.9776,2/28/2006 18:55,2/28/2006 21:50,31910,422,qcd_043035,-27.159,149.0703
2317,Central Slopes,Central Slopes,180,2,65.2,frequent,14.9907,10/15/2010 12:50,10/15/2010 15:45,41637,539,qcd_064046,-31.2886,149.0687
2318,Central Slopes,Central Slopes,180,2,46.82,frequent,15.0495,5/3/1987 0:10,5/3/1987 3:05,34168,451,qcd_055024,-31.0261,150.2687
2319,Central Slopes,Central Slopes,180,3,47.49,frequent,15.1139,12/6/1996 20:25,12/6/1996 23:20,76058,1283,qcd_419085_77,-31.3695,149.8678
2320,Central Slopes,Central Slopes,180,3,49.4,frequent,15.9242,10/13/2000 22:45,10/14/2000 1:40,33726,447,qcd_054102,-30.3735,150.6723
2248,Central Slopes,Central Slopes,180,3,73,intermediate,9.2616,3/19/2011 15:25,3/19/2011 18:20,32190,426,qcd_043091,-26.5474,148.7716
2263,Central Slopes,Central Slopes,180,1,50.09,intermediate,10.9267,4/7/1977 7:25,4/7/1977 10:20,34444,453,qcd_055136,-30.9672,151.3451
2296,Central Slopes,Central Slopes,180,1,50.88,intermediate,8.7465,1/11/1974 15:05,1/11/1974 18:00,41544,538,qcd_064009,-32.0159,149.3964
2297,Central Slopes,Central Slopes,180,1,50.87,intermediate,6.5675,2/3/1973 0:40,2/3/1973 3:35,41386,536,qcd_063253,-33.3167,149.05
2298,Central Slopes,Central Slopes,180,1,82.41,intermediate,3.8302,1/27/1980 18:35,1/27/1980 21:30,29518,391,qcd_041018,-27.9317,151.9058
2299,Central Slopes,Central Slopes,180,2,60.58,intermediate,10.8843,3/1/2007 1:20,3/1/2007 4:15,75255,1263,qcd_416062_77,-29.8284,151.3481
2300,Central Slopes,Central Slopes,180,2,69.25,intermediate,4.7115,11/25/2001 8:00,11/25/2001 10:55,75597,1272,qcd_418069_77,-29.6909,150.929
2301,Central Slopes,Central Slopes,180,2,44.71,intermediate,10.4274,12/24/1968 8:50,12/24/1968 11:45,40620,527,qcd_062026,-32.8079,149.977
2302,Central Slopes,Central Slopes,180,2,47.71,intermediate,14.0172,3/8/1967 9:35,3/8/1967 12:30,34204,451,qcd_055024,-31.0261,150.2687
2306,Central Slopes,Central Slopes,180,3,67.4,intermediate,6.9227,12/24/2004 8:40,12/24/2004 11:35,30747,406,qcd_041457,-28.4225,151.2131
2110,Central Slopes,Central Slopes,180,1,83.26,rare,0.2156,2/3/1973 3:25,2/3/1973 6:20,41249,534,qcd_063108,-33.7167,149.8667
2131,Central Slopes,Central Slopes,180,3,111.48,rare,0.222,1/19/1988 17:05,1/19/1988 20:00,31769,421,qcd_043020,-26.4888,147.9777
2195,Central Slopes,Central Slopes,180,3,71.32,rare,2.8949,12/26/1988 20:50,12/26/1988 23:45,33730,447,qcd_054102,-30.3735,150.6723
2199,Central Slopes,Central Slopes,180,2,78.8,rare,2.4322,2/12/1998 3:25,2/12/1998 6:20,30006,397,qcd_041100,-28.8544,151.1681
2218,Central Slopes,Central Slopes,180,1,114.57,rare,0.4582,1/25/1992 21:05,1/26/1992 0:00,30665,405,qcd_041445,-28.2144,151.9194
2254,Central Slopes,Central Slopes,180,2,113,rare,0.7025,3/25/2001 17:40,3/25/2001 20:35,132704,2095,qcd_642201a_66,-26.2505,148.5014
2279,Central Slopes,Central Slopes,180,1,88.2,rare,1.2266,12/5/2003 1:45,12/5/2003 4:40,75345,1265,qcd_416064_77,-29.8801,151.2144
2280,Central Slopes,Central Slopes,180,1,92.8,rare,3.1336,1/16/2004 20:05,1/16/2004 23:00,32224,427,qcd_043109,-28.0489,148.5942
2282,Central Slopes,Central Slopes,180,2,91.53,rare,0.4628,2/9/1956 13:15,2/9/1956 16:10,34152,451,qcd_055024,-31.0261,150.2687
2283,Central Slopes,Central Slopes,180,2,124.35,rare,1.8062,5/6/1996 6:30,5/6/1996 9:25,110846,1782,qcd_540007_66,-28.2356,152.48
2347,Central Slopes,Central Slopes,270,1,63.6,frequent,14.801,1/18/2006 22:35,1/19/2006 3:00,30231,400,qcd_041139,-28.1672,150.6475
2348,Central Slopes,Central Slopes,270,1,59.6,frequent,15.5609,11/3/2008 3:15,11/3/2008 7:40,35012,459,qcd_056018,-29.7752,151.0819
2349,Central Slopes,Central Slopes,270,1,54,frequent,15.6947,11/28/2008 18:55,11/28/2008 23:20,34545,454,qcd_055194,-31.3365,150.8537
2350,Central Slopes,Central Slopes,270,1,47.33,frequent,15.7004,2/19/1974 22:25,2/20/1974 2:50,41280,534,qcd_063108,-33.7167,149.8667
2351,Central Slopes,Central Slopes,270,2,58.5,frequent,14.4665,12/11/1996 22:20,12/12/1996 2:45,75054,1256,qcd_416040_77,-28.692,150.8917
2352,Central Slopes,Central Slopes,270,2,61,frequent,14.5412,1/16/2004 21:20,1/17/2004 1:45,34047,450,qcd_054138,-30.156,150.3889
2353,Central Slopes,Central Slopes,270,2,69.8,frequent,14.9109,5/19/2009 15:30,5/19/2009 19:55,31097,412,qcd_042016,-27.3411,150.0619
2354,Central Slopes,Central Slopes,270,2,58.69,frequent,15.2311,1/3/1975 21:25,1/4/1975 1:50,33485,443,qcd_052069,-30.2747,148.8222
2355,Central Slopes,Central Slopes,270,3,66.91,frequent,14.5377,12/2/1988 13:25,12/2/1988 17:50,29504,391,qcd_041018,-27.9317,151.9058
2356,Central Slopes,Central Slopes,270,3,65.8,frequent,16.4943,3/1/2010 4:55,3/1/2010 9:20,31429,417,qcd_042094,-27.8828,149.5925
2214,Central Slopes,Central Slopes,270,1,101,intermediate,4.4982,12/21/2007 23:55,12/22/2007 4:20,41636,539,qcd_064046,-31.2886,149.0687
2336,Central Slopes,Central Slopes,270,1,73.62,intermediate,7.3548,10/4/1999 5:20,10/4/1999 9:45,75296,1264,qcd_416063_77,-29.9281,151.4399
2337,Central Slopes,Central Slopes,270,1,72.2,intermediate,4.9964,12/15/2011 10:30,12/15/2011 14:55,31792,421,qcd_043020,-26.4888,147.9777
2338,Central Slopes,Central Slopes,270,1,65.1,intermediate,5.1476,9/4/1998 19:55,9/5/1998 0:20,75639,1273,qcd_419010_77,-30.9654,151.3459
2339,Central Slopes,Central Slopes,270,2,63.2,intermediate,12.7197,12/9/2004 19:25,12/9/2004 23:50,33612,445,qcd_053115,-29.4898,149.8471
2341,Central Slopes,Central Slopes,270,2,60.8,intermediate,7.322,3/11/2000 5:20,3/11/2000 9:45,41760,540,qcd_065035,-32.5059,148.9708
2342,Central Slopes,Central Slopes,270,2,77.95,intermediate,9.1224,11/15/1963 16:10,11/15/1963 20:35,30310,401,qcd_041140,-27.1864,151.2553
2344,Central Slopes,Central Slopes,270,2,92,intermediate,7.0425,2/6/2010 2:45,2/6/2010 7:10,41616,539,qcd_064046,-31.2886,149.0687
2345,Central Slopes,Central Slopes,270,3,55.82,intermediate,8.4535,2/14/1960 2:50,2/14/1960 7:15,41385,536,qcd_063253,-33.3167,149.05
2346,Central Slopes,Central Slopes,270,3,76.58,intermediate,7.7037,1/23/1996 6:30,1/23/1996 10:55,31157,413,qcd_042027,-28.4872,149.47
2007,Central Slopes,Central Slopes,270,2,160.5,rare,0.082,12/17/1994 13:25,12/17/1994 17:50,74913,1252,qcd_416023_77,-29.2913,151.9245
2207,Central Slopes,Central Slopes,270,2,114.9,rare,0.7714,2/18/1995 17:30,2/18/1995 21:55,30669,405,qcd_041445,-28.2144,151.9194
2243,Central Slopes,Central Slopes,270,1,75.22,rare,1.5448,2/3/1973 1:40,2/3/1973 6:05,40924,531,qcd_063035,-33.0362,149.4146
2284,Central Slopes,Central Slopes,270,3,157.3,rare,1.2018,5/6/1996 5:00,5/6/1996 9:25,110846,1782,qcd_540007_66,-28.2356,152.48
2321,Central Slopes,Central Slopes,270,1,102.32,rare,2.4189,2/5/1981 21:00,2/6/1981 1:25,30316,401,qcd_041140,-27.1864,151.2553
2328,Central Slopes,Central Slopes,270,1,88.8,rare,3.0003,1/14/2004 0:10,1/14/2004 4:35,31490,418,qcd_042102,-27.9364,150.1425
2331,Central Slopes,Central Slopes,270,1,92.14,rare,2.075,2/5/2002 7:50,2/5/2002 12:15,75297,1264,qcd_416063_77,-29.9281,151.4399
2332,Central Slopes,Central Slopes,270,2,93,rare,1.6334,1/3/1996 2:20,1/3/1996 6:45,30594,404,qcd_041430,-28.9653,151.47
2333,Central Slopes,Central Slopes,270,2,101.03,rare,0.5184,1/30/1984 0:00,1/30/1984 4:25,34163,451,qcd_055024,-31.0261,150.2687
2334,Central Slopes,Central Slopes,270,3,112.58,rare,1.0115,2/7/1991 17:35,2/7/1991 22:00,29511,391,qcd_041018,-27.9317,151.9058
2378,Central Slopes,Central Slopes,360,1,53.21,frequent,14.6184,1/23/1972 13:50,1/23/1972 19:45,41265,534,qcd_063108,-33.7167,149.8667
2379,Central Slopes,Central Slopes,360,1,62.98,frequent,15.7009,1/31/1971 7:10,1/31/1971 13:05,33492,443,qcd_052069,-30.2747,148.8222
2380,Central Slopes,Central Slopes,360,1,63.75,frequent,15.7712,2/28/1948 0:25,2/28/1948 6:20,34996,459,qcd_056018,-29.7752,151.0819
2381,Central Slopes,Central Slopes,360,1,58.12,frequent,15.8203,12/22/2007 2:10,12/22/2007 8:05,76065,1283,qcd_419085_77,-31.3695,149.8678
2382,Central Slopes,Central Slopes,360,2,58.45,frequent,14.4597,1/15/1977 4:00,1/15/1977 9:55,34192,451,qcd_055024,-31.0261,150.2687
2384,Central Slopes,Central Slopes,360,2,56.84,frequent,14.5807,1/16/2004 18:55,1/17/2004 0:50,75649,1273,qcd_419010_77,-30.9654,151.3459
2385,Central Slopes,Central Slopes,360,2,68.93,frequent,14.7961,2/10/1976 12:00,2/10/1976 17:55,33301,440,qcd_048031,-29.5407,148.5818
2386,Central Slopes,Central Slopes,360,2,73.23,frequent,14.8079,2/12/1988 21:15,2/13/1988 3:10,30315,401,qcd_041140,-27.1864,151.2553
2387,Central Slopes,Central Slopes,360,3,67.49,frequent,15.5893,12/16/2005 6:05,12/16/2005 12:00,75298,1264,qcd_416063_77,-29.9281,151.4399
2388,Central Slopes,Central Slopes,360,3,69.4,frequent,15.6726,12/5/2003 4:20,12/5/2003 10:15,29527,391,qcd_041018,-27.9317,151.9058
2264,Central Slopes,Central Slopes,360,1,65.01,intermediate,7.6485,4/7/1977 7:25,4/7/1977 13:20,34444,453,qcd_055136,-30.9672,151.3451
2367,Central Slopes,Central Slopes,360,1,79.86,intermediate,8.6306,3/25/1989 2:55,3/25/1989 8:50,29470,391,qcd_041018,-27.9317,151.9058
2368,Central Slopes,Central Slopes,360,1,63.65,intermediate,5.2856,11/5/1969 5:00,11/5/1969 10:55,40623,527,qcd_062026,-32.8079,149.977
2370,Central Slopes,Central Slopes,360,1,74.24,intermediate,8.197,3/9/2001 16:30,3/9/2001 22:25,74918,1252,qcd_416023_77,-29.2913,151.9245
2371,Central Slopes,Central Slopes,360,2,88.75,intermediate,6.3949,2/12/1994 20:15,2/13/1994 2:10,31417,417,qcd_042094,-27.8828,149.5925
2372,Central Slopes,Central Slopes,360,2,85,intermediate,9.4202,11/14/2000 14:10,11/14/2000 20:05,32222,427,qcd_043109,-28.0489,148.5942
2373,Central Slopes,Central Slopes,360,2,93.8,intermediate,4.9191,1/29/1997 14:15,1/29/1997 20:10,31418,417,qcd_042094,-27.8828,149.5925
2374,Central Slopes,Central Slopes,360,2,83.2,intermediate,4.5874,5/6/1996 5:45,5/6/1996 11:40,74916,1252,qcd_416023_77,-29.2913,151.9245
2375,Central Slopes,Central Slopes,360,3,70.24,intermediate,10.1754,12/16/2005 5:20,12/16/2005 11:15,75228,1262,qcd_416061_77,-29.8748,151.4682
2376,Central Slopes,Central Slopes,360,3,94.6,intermediate,4.6901,2/4/2008 18:05,2/5/2008 0:00,30979,410,qcd_041522,-27.1605,151.2634
2244,Central Slopes,Central Slopes,360,1,83.61,rare,1.3641,2/3/1973 1:30,2/3/1973 7:25,40924,531,qcd_063035,-33.0362,149.4146
2281,Central Slopes,Central Slopes,360,1,123.4,rare,1.9086,1/16/2004 20:00,1/17/2004 1:55,32224,427,qcd_043109,-28.0489,148.5942
2322,Central Slopes,Central Slopes,360,2,121.39,rare,1.2703,2/5/1981 20:55,2/6/1981 2:50,30316,401,qcd_041140,-27.1864,151.2553
2329,Central Slopes,Central Slopes,360,2,97.8,rare,2.3984,1/13/2004 22:55,1/14/2004 4:50,31490,418,qcd_042102,-27.9364,150.1425
2335,Central Slopes,Central Slopes,360,3,120.86,rare,0.9116,2/7/1991 16:45,2/7/1991 22:40,29511,391,qcd_041018,-27.9317,151.9058
2361,Central Slopes,Central Slopes,360,1,97.65,rare,3.2059,2/13/2002 20:30,2/14/2002 2:25,132708,2095,qcd_642201a_66,-26.2505,148.5014
2362,Central Slopes,Central Slopes,360,1,99.6,rare,2.5686,12/6/2003 4:30,12/6/2003 10:25,30920,409,qcd_041521,-28.5211,150.3256
2363,Central Slopes,Central Slopes,360,2,122.95,rare,1.698,3/5/1979 16:35,3/5/1979 22:30,32016,423,qcd_043044,-26.6383,149.4261
2364,Central Slopes,Central Slopes,360,2,74.3,rare,2.5071,2/1/1973 7:05,2/1/1973 13:00,41266,534,qcd_063108,-33.7167,149.8667
2365,Central Slopes,Central Slopes,360,3,87.52,rare,2.0745,2/24/2004 7:30,2/24/2004 13:25,75797,1277,qcd_419033_77,-31.3484,149.8855
2405,Central Slopes,Central Slopes,540,1,72.2,frequent,14.7776,1/31/2001 7:45,1/31/2001 16:40,30039,397,qcd_041100,-28.8544,151.1681
2407,Central Slopes,Central Slopes,540,1,81.8,frequent,15.2407,12/9/2004 23:45,12/10/2004 8:40,32231,427,qcd_043109,-28.0489,148.5942
2408,Central Slopes,Central Slopes,540,1,75.4,frequent,15.2991,10/17/2001 7:15,10/17/2001 16:10,30505,403,qcd_041359,-27.4034,151.7413
2409,Central Slopes,Central Slopes,540,2,67.93,frequent,14.9362,1/7/1974 11:10,1/7/1974 20:05,34555,454,qcd_055194,-31.3365,150.8537
2410,Central Slopes,Central Slopes,540,2,70,frequent,15.8923,10/7/1997 10:25,10/7/1997 19:20,35262,464,qcd_056140,-29.4684,151.6667
2413,Central Slopes,Central Slopes,540,2,79.2,frequent,16.2114,12/27/1971 8:00,12/27/1971 16:55,31089,412,qcd_042016,-27.3411,150.0619
2414,Central Slopes,Central Slopes,540,2,66.51,frequent,16.2756,11/5/2004 3:05,11/5/2004 12:00,75798,1277,qcd_419033_77,-31.3484,149.8855
2415,Central Slopes,Central Slopes,540,3,65.8,frequent,15.8715,11/19/2000 19:00,11/20/2000 3:55,34663,456,qcd_055302,-31.3556,151.1358
2417,Central Slopes,Central Slopes,540,3,72.8,frequent,16.135,12/27/2010 4:00,12/27/2010 12:55,29893,395,qcd_041063,-28.0106,151.5856
2418,Central Slopes,Central Slopes,540,3,70,frequent,17.1368,10/27/1999 10:35,10/27/1999 19:30,31010,411,qcd_041525,-28.2061,152.1003
2303,Central Slopes,Central Slopes,540,2,90.93,intermediate,3.3995,3/8/1967 5:40,3/8/1967 14:35,34204,451,qcd_055024,-31.0261,150.2687
2340,Central Slopes,Central Slopes,540,1,95.2,intermediate,5.2114,12/9/2004 20:15,12/10/2004 5:10,33612,445,qcd_053115,-29.4898,149.8471
2369,Central Slopes,Central Slopes,540,2,79.72,intermediate,3.553,11/5/1969 1:45,11/5/1969 10:40,40623,527,qcd_062026,-32.8079,149.977
2383,Central Slopes,Central Slopes,540,3,67.12,intermediate,14.3456,1/15/1977 1:25,1/15/1977 10:20,34192,451,qcd_055024,-31.0261,150.2687
2397,Central Slopes,Central Slopes,540,1,83.31,intermediate,11.6157,11/20/1999 13:15,11/20/1999 22:10,76492,1296,qcd_422404a_66,-27.7271,148.473
2398,Central Slopes,Central Slopes,540,1,99.2,intermediate,5.1484,3/21/2000 23:15,3/22/2000 8:10,31167,413,qcd_042027,-28.4872,149.47
2399,Central Slopes,Central Slopes,540,2,79.95,intermediate,10.69,1/14/2004 3:10,1/14/2004 12:05,75196,1261,qcd_416059_77,-29.8065,151.4197
2401,Central Slopes,Central Slopes,540,2,86.67,intermediate,6.634,2/6/1981 17:50,2/7/1981 2:45,30015,397,qcd_041100,-28.8544,151.1681
2402,Central Slopes,Central Slopes,540,3,72.72,intermediate,8.0244,12/26/1971 16:20,12/27/1971 1:15,41274,534,qcd_063108,-33.7167,149.8667
2403,Central Slopes,Central Slopes,540,3,65.67,intermediate,13.0193,8/27/1973 0:35,8/27/1973 9:30,41285,534,qcd_063108,-33.7167,149.8667
2215,Central Slopes,Central Slopes,540,1,149.8,rare,2.2125,12/21/2007 23:55,12/22/2007 8:50,41636,539,qcd_064046,-31.2886,149.0687
2267,Central Slopes,Central Slopes,540,2,129.4,rare,0.8281,3/1/2010 21:20,3/2/2010 6:15,31817,421,qcd_043020,-26.4888,147.9777
2312,Central Slopes,Central Slopes,540,3,116.4,rare,1.8697,12/27/2010 3:50,12/27/2010 12:45,29524,391,qcd_041018,-27.9317,151.9058
2330,Central Slopes,Central Slopes,540,1,122.2,rare,1.1378,1/13/2004 23:50,1/14/2004 8:45,31490,418,qcd_042102,-27.9364,150.1425
2366,Central Slopes,Central Slopes,540,2,101.32,rare,1.9221,2/24/2004 6:45,2/24/2004 15:40,75797,1277,qcd_419033_77,-31.3484,149.8855
2389,Central Slopes,Central Slopes,540,1,100.73,rare,3.0678,4/1/1989 2:30,4/1/1989 11:25,33423,442,qcd_051049,-31.9861,147.9489
2390,Central Slopes,Central Slopes,540,2,98,rare,1.9196,2/13/1997 4:10,2/13/1997 13:05,34549,454,qcd_055194,-31.3365,150.8537
2392,Central Slopes,Central Slopes,540,2,121.06,rare,0.6083,1/23/1976 0:40,1/23/1976 9:35,34191,451,qcd_055024,-31.0261,150.2687
2394,Central Slopes,Central Slopes,540,3,110,rare,2.1091,1/5/2008 1:15,1/5/2008 10:10,30073,398,qcd_041116,-28.9231,151.9306
2396,Central Slopes,Central Slopes,540,3,107.74,rare,1.7908,2/28/1994 9:15,2/28/1994 18:10,35009,459,qcd_056018,-29.7752,151.0819
2436,Central Slopes,Central Slopes,720,1,70.98,frequent,15.1471,8/29/1963 0:50,8/29/1963 12:45,41283,534,qcd_063108,-33.7167,149.8667
2439,Central Slopes,Central Slopes,720,1,81.04,frequent,15.2055,1/26/1991 21:45,1/27/1991 9:40,29516,391,qcd_041018,-27.9317,151.9058
2440,Central Slopes,Central Slopes,720,1,80.8,frequent,15.7616,10/25/1998 6:15,10/25/1998 18:10,30925,409,qcd_041521,-28.5211,150.3256
2441,Central Slopes,Central Slopes,720,2,79.08,frequent,14.7395,2/22/2003 0:05,2/22/2003 12:00,75100,1257,qcd_416055_77,-29.8295,151.1435
2442,Central Slopes,Central Slopes,720,2,79.2,frequent,14.9604,11/19/2000 13:40,11/20/2000 1:35,33864,448,qcd_054104,-29.3899,151.2448
2443,Central Slopes,Central Slopes,720,2,79.43,frequent,15.051,10/1/2003 15:55,10/2/2003 3:50,74920,1252,qcd_416023_77,-29.2913,151.9245
2444,Central Slopes,Central Slopes,720,2,75.23,frequent,15.3791,1/23/1976 2:20,1/23/1976 14:15,34358,452,qcd_055054,-31.0867,150.8467
2446,Central Slopes,Central Slopes,720,3,77.61,frequent,16.2963,5/2/1996 10:00,5/2/1996 21:55,29867,394,qcd_041060,-28.0092,151.5861
2455,Central Slopes,Central Slopes,720,3,78.77,frequent,16.379,5/13/1993 12:55,5/14/1993 0:50,30509,403,qcd_041359,-27.4034,151.7413
2456,Central Slopes,Central Slopes,720,3,70.4,frequent,16.6784,2/24/2004 7:10,2/24/2004 19:05,34200,451,qcd_055024,-31.0261,150.2687
2149,Central Slopes,Central Slopes,720,1,83.4,intermediate,8.3818,12/7/1996 6:25,12/7/1996 18:20,33965,449,qcd_054105,-30.3354,150.9338
2275,Central Slopes,Central Slopes,720,3,93.2,intermediate,10.8015,1/6/2002 15:15,1/7/2002 3:10,32139,425,qcd_043090,-27.9067,148.6514
2426,Central Slopes,Central Slopes,720,1,91,intermediate,12.4645,10/29/2000 12:15,10/30/2000 0:10,32182,426,qcd_043091,-26.5474,148.7716
2427,Central Slopes,Central Slopes,720,1,130.94,intermediate,7.444,1/22/1976 18:45,1/23/1976 6:40,41638,539,qcd_064046,-31.2886,149.0687
2429,Central Slopes,Central Slopes,720,2,82.26,intermediate,11.7358,4/3/1988 14:55,4/4/1988 2:50,29650,392,qcd_041044,-28.2061,152.1003
2430,Central Slopes,Central Slopes,720,2,107.2,intermediate,3.8731,1/31/2001 4:55,1/31/2001 16:50,74966,1253,qcd_416031_77,-29.057,150.9027
2431,Central Slopes,Central Slopes,720,2,87,intermediate,12.6208,1/29/1997 9:50,1/29/1997 21:45,31178,413,qcd_042027,-28.4872,149.47
2432,Central Slopes,Central Slopes,720,2,89.48,intermediate,8.941,2/21/1977 5:30,2/21/1977 17:25,33494,443,qcd_052069,-30.2747,148.8222
2434,Central Slopes,Central Slopes,720,3,84.56,intermediate,9.1057,1/13/1964 23:55,1/14/1964 11:50,34342,452,qcd_055054,-31.0867,150.8467
2435,Central Slopes,Central Slopes,720,3,109,intermediate,5.7644,4/13/2003 18:15,4/14/2003 6:10,32180,426,qcd_043091,-26.5474,148.7716
2069,Central Slopes,Central Slopes,720,2,137.6,rare,0.506,11/28/2008 9:15,11/28/2008 21:10,34710,457,qcd_055327,-31.1259,150.8323
2216,Central Slopes,Central Slopes,720,1,181.6,rare,1.3055,12/22/2007 0:20,12/22/2007 12:15,41636,539,qcd_064046,-31.2886,149.0687
2304,Central Slopes,Central Slopes,720,3,107.35,rare,2.1314,3/8/1967 2:45,3/8/1967 14:40,34204,451,qcd_055024,-31.0261,150.2687
2313,Central Slopes,Central Slopes,720,3,127.2,rare,1.546,12/27/2010 1:50,12/27/2010 13:45,29524,391,qcd_041018,-27.9317,151.9058
2343,Central Slopes,Central Slopes,720,1,123.27,rare,2.5686,11/15/1963 14:55,11/16/1963 2:50,30310,401,qcd_041140,-27.1864,151.2553
2391,Central Slopes,Central Slopes,720,2,111.8,rare,1.3868,2/13/1997 3:05,2/13/1997 15:00,34549,454,qcd_055194,-31.3365,150.8537
2393,Central Slopes,Central Slopes,720,1,131.56,rare,0.607,1/22/1976 23:45,1/23/1976 11:40,34191,451,qcd_055024,-31.0261,150.2687
2395,Central Slopes,Central Slopes,720,3,120.2,rare,2.0035,1/4/2008 23:15,1/5/2008 11:10,30073,398,qcd_041116,-28.9231,151.9306
2419,Central Slopes,Central Slopes,720,2,119.8,rare,2.5737,1/31/2001 2:20,1/31/2001 14:15,33617,445,qcd_053115,-29.4898,149.8471
2424,Central Slopes,Central Slopes,720,2,113.92,rare,2.4844,2/10/1976 19:30,2/11/1976 7:25,30411,402,qcd_041175,-28.6217,151.9533
2481,Central Slopes,Central Slopes,1080,1,81.99,frequent,17.5488,11/3/2006 16:45,11/4/2006 10:40,74995,1254,qcd_416032_77,-29.0154,151.5997
2482,Central Slopes,Central Slopes,1080,1,77.1,frequent,18.1256,1/12/1976 7:10,1/13/1976 1:05,33427,442,qcd_051049,-31.9861,147.9489
2483,Central Slopes,Central Slopes,1080,1,86.14,frequent,19.1387,3/2/1977 4:05,3/2/1977 22:00,33297,440,qcd_048031,-29.5407,148.5818
2484,Central Slopes,Central Slopes,1080,2,89.49,frequent,14.821,10/1/2003 12:05,10/2/2003 6:00,75310,1264,qcd_416063_77,-29.9281,151.4399
2487,Central Slopes,Central Slopes,1080,2,98.4,frequent,15.3026,9/4/1998 23:05,9/5/1998 17:00,34040,450,qcd_054138,-30.156,150.3889
2488,Central Slopes,Central Slopes,1080,2,96.4,frequent,15.9769,3/1/2010 17:40,3/2/2010 11:35,32039,423,qcd_043044,-26.6383,149.4261
2490,Central Slopes,Central Slopes,1080,2,81.4,frequent,16.0182,6/22/1998 5:20,6/22/1998 23:15,34660,456,qcd_055302,-31.3556,151.1358
2491,Central Slopes,Central Slopes,1080,3,87.74,frequent,14.6688,12/21/1956 9:20,12/22/1956 3:15,29675,392,qcd_041044,-28.2061,152.1003
2493,Central Slopes,Central Slopes,1080,3,79.83,frequent,14.8865,2/27/1961 14:35,2/28/1961 8:30,41551,538,qcd_064009,-32.0159,149.3964
2494,Central Slopes,Central Slopes,1080,3,85.85,frequent,15.1901,2/21/2003 11:30,2/22/2003 5:25,74766,1249,qcd_416008_77,-29.2179,151.3838
2437,Central Slopes,Central Slopes,1080,2,91.54,intermediate,11.4206,8/29/1963 2:50,8/29/1963 20:45,41283,534,qcd_063108,-33.7167,149.8667
2447,Central Slopes,Central Slopes,1080,3,95.8,intermediate,10.9285,5/2/1996 5:25,5/2/1996 23:20,29867,394,qcd_041060,-28.0092,151.5861
2464,Central Slopes,Central Slopes,1080,1,91.2,intermediate,13.8658,5/1/1983 5:05,5/1/1983 23:00,30422,402,qcd_041175,-28.6217,151.9533
2467,Central Slopes,Central Slopes,1080,1,98.63,intermediate,9.0108,10/23/1999 1:20,10/23/1999 19:15,75303,1264,qcd_416063_77,-29.9281,151.4399
2468,Central Slopes,Central Slopes,1080,1,89.18,intermediate,11.4335,12/10/2002 8:50,12/11/2002 2:45,75898,1279,qcd_419035_77,-31.2711,150.9158
2469,Central Slopes,Central Slopes,1080,2,100.8,intermediate,10.4221,11/25/2011 10:10,11/26/2011 4:05,33624,445,qcd_053115,-29.4898,149.8471
2474,Central Slopes,Central Slopes,1080,2,110.01,intermediate,7.6358,1/26/1974 11:45,1/27/1974 5:40,30317,401,qcd_041140,-27.1864,151.2553
2476,Central Slopes,Central Slopes,1080,2,121.3,intermediate,3.3813,3/31/1988 14:35,4/1/1988 8:30,29856,394,qcd_041060,-28.0092,151.5861
2478,Central Slopes,Central Slopes,1080,3,114.02,intermediate,3.344,2/21/2003 17:55,2/22/2003 11:50,75130,1258,qcd_416056_77,-29.8482,151.3275
2480,Central Slopes,Central Slopes,1080,3,98,intermediate,5.2541,1/16/2004 9:50,1/17/2004 3:45,34460,453,qcd_055136,-30.9672,151.3451
2203,Central Slopes,Central Slopes,1080,3,112.8,rare,2.8671,11/28/2008 6:25,11/29/2008 0:20,34659,456,qcd_055302,-31.3556,151.1358
2285,Central Slopes,Central Slopes,1080,3,391.96,rare,0.1485,5/5/1996 15:45,5/6/1996 9:40,110846,1782,qcd_540007_66,-28.2356,152.48
2305,Central Slopes,Central Slopes,1080,3,126.12,rare,1.9235,3/7/1967 22:35,3/8/1967 16:30,34204,451,qcd_055024,-31.0261,150.2687
2314,Central Slopes,Central Slopes,1080,3,143.6,rare,1.3819,12/26/2010 18:45,12/27/2010 12:40,29524,391,qcd_041018,-27.9317,151.9058
2425,Central Slopes,Central Slopes,1080,2,160.14,rare,0.8071,2/10/1976 12:55,2/11/1976 6:50,30411,402,qcd_041175,-28.6217,151.9533
2428,Central Slopes,Central Slopes,1080,2,194.2,rare,2.2518,1/22/1976 18:30,1/23/1976 12:25,41638,539,qcd_064046,-31.2886,149.0687
2457,Central Slopes,Central Slopes,1080,2,136.93,rare,2.5069,12/27/1971 2:35,12/27/1971 20:30,30311,401,qcd_041140,-27.1864,151.2553
2458,Central Slopes,Central Slopes,1080,2,126.86,rare,2.0625,6/11/1964 9:10,6/12/1964 3:05,41284,534,qcd_063108,-33.7167,149.8667
2459,Central Slopes,Central Slopes,1080,2,114.87,rare,2.2389,4/1/1959 10:10,4/2/1959 4:05,41416,536,qcd_063253,-33.3167,149.05
2462,Central Slopes,Central Slopes,1080,3,134.2,rare,1.5618,1/16/2004 7:55,1/17/2004 1:50,33752,447,qcd_054102,-30.3735,150.6723
2489,Central Slopes,Central Slopes,1440,3,104.2,frequent,15.5526,3/1/2010 10:35,3/2/2010 10:30,32039,423,qcd_043044,-26.6383,149.4261
2505,Central Slopes,Central Slopes,1440,1,144.26,frequent,14.4663,2/21/1977 4:45,2/22/1977 4:40,41656,539,qcd_064046,-31.2886,149.0687
2506,Central Slopes,Central Slopes,1440,1,93.4,frequent,14.5656,2/2/2008 21:35,2/3/2008 21:30,30255,400,qcd_041139,-28.1672,150.6475
2508,Central Slopes,Central Slopes,1440,1,90.41,frequent,14.9245,4/1/1999 6:35,4/2/1999 6:30,34239,451,qcd_055024,-31.0261,150.2687
2509,Central Slopes,Central Slopes,1440,2,95.87,frequent,15.0978,2/23/1975 7:50,2/24/1975 7:45,35045,459,qcd_056018,-29.7752,151.0819
2511,Central Slopes,Central Slopes,1440,2,95.2,frequent,15.6524,12/26/2010 13:40,12/27/2010 13:35,30519,403,qcd_041359,-27.4034,151.7413
2512,Central Slopes,Central Slopes,1440,2,96.4,frequent,16.1003,5/10/2005 19:00,5/11/2005 18:55,31826,421,qcd_043020,-26.4888,147.9777
2513,Central Slopes,Central Slopes,1440,2,91,frequent,16.5895,6/22/1998 4:05,6/23/1998 4:00,34611,457,qcd_055327,-31.1259,150.8323
2514,Central Slopes,Central Slopes,1440,3,97,frequent,15.7948,1/30/2001 15:35,1/31/2001 15:30,30931,409,qcd_041521,-28.5211,150.3256
2515,Central Slopes,Central Slopes,1440,3,90.78,frequent,16.3882,3/7/1967 20:05,3/8/1967 20:00,34343,452,qcd_055054,-31.0867,150.8467
2404,Central Slopes,Central Slopes,1440,1,100.68,intermediate,12.4824,8/27/1973 2:10,8/28/1973 2:05,41285,534,qcd_063108,-33.7167,149.8667
2433,Central Slopes,Central Slopes,1440,3,134.55,intermediate,3.7164,2/20/1977 17:55,2/21/1977 17:50,33494,443,qcd_052069,-30.2747,148.8222
2438,Central Slopes,Central Slopes,1440,2,112.72,intermediate,7.4849,8/28/1963 21:50,8/29/1963 21:45,41283,534,qcd_063108,-33.7167,149.8667
2448,Central Slopes,Central Slopes,1440,3,112.12,intermediate,7.4117,5/1/1996 22:25,5/2/1996 22:20,29867,394,qcd_041060,-28.0092,151.5861
2470,Central Slopes,Central Slopes,1440,2,118.4,intermediate,7.654,11/25/2011 7:40,11/26/2011 7:35,33624,445,qcd_053115,-29.4898,149.8471
2500,Central Slopes,Central Slopes,1440,1,113,intermediate,5.6555,6/22/1998 4:05,6/23/1998 4:00,34558,454,qcd_055194,-31.3365,150.8537
2501,Central Slopes,Central Slopes,1440,1,108.15,intermediate,8.1428,1/13/1976 0:45,1/14/1976 0:40,35036,459,qcd_056018,-29.7752,151.0819
2502,Central Slopes,Central Slopes,1440,2,107.99,intermediate,8.8706,2/10/1976 7:15,2/11/1976 7:10,29853,394,qcd_041060,-28.0092,151.5861
2503,Central Slopes,Central Slopes,1440,2,92.79,intermediate,9.6152,10/13/2000 12:00,10/14/2000 11:55,75694,1274,qcd_419016_77,-31.0598,151.1265
2504,Central Slopes,Central Slopes,1440,3,108.86,intermediate,9.9669,12/4/2003 19:00,12/5/2003 18:55,30827,407,qcd_041497,-27.1494,151.2894
2141,Central Slopes,Central Slopes,1440,1,142.2,rare,2.3626,12/28/2009 21:15,12/29/2009 21:10,30032,397,qcd_041100,-28.8544,151.1681
2155,Central Slopes,Central Slopes,1440,3,173.2,rare,0.763,2/8/1998 18:20,2/9/1998 18:15,30517,403,qcd_041359,-27.4034,151.7413
2315,Central Slopes,Central Slopes,1440,3,204.6,rare,0.2451,12/26/2010 12:55,12/27/2010 12:50,29524,391,qcd_041018,-27.9317,151.9058
2323,Central Slopes,Central Slopes,1440,1,198.53,rare,0.3458,2/5/1981 18:10,2/6/1981 18:05,30316,401,qcd_041140,-27.1864,151.2553
2463,Central Slopes,Central Slopes,1440,2,154.6,rare,1.18,1/16/2004 8:15,1/17/2004 8:10,33752,447,qcd_054102,-30.3735,150.6723
2477,Central Slopes,Central Slopes,1440,2,141.18,rare,2.1742,3/31/1988 12:55,4/1/1988 12:50,29856,394,qcd_041060,-28.0092,151.5861
2479,Central Slopes,Central Slopes,1440,2,145.37,rare,1.081,2/21/2003 11:25,2/22/2003 11:20,75130,1258,qcd_416056_77,-29.8482,151.3275
2495,Central Slopes,Central Slopes,1440,2,199.65,rare,0.2961,2/10/1976 5:45,2/11/1976 5:40,29663,392,qcd_041044,-28.2061,152.1003
2496,Central Slopes,Central Slopes,1440,2,160.9,rare,2.1383,3/10/1977 3:55,3/11/1977 3:50,32770,433,qcd_044140,-26.8033,147.8742
2497,Central Slopes,Central Slopes,1440,3,154.2,rare,2.8341,3/1/2010 8:45,3/2/2010 8:40,31929,422,qcd_043035,-27.159,149.0703
2411,Central Slopes,Central Slopes,1800,3,98.6,frequent,15.7506,10/6/1997 12:40,10/7/1997 18:35,35262,464,qcd_056140,-29.4684,151.6667
2545,Central Slopes,Central Slopes,1800,1,100.8,frequent,14.6668,10/1/2003 10:25,10/2/2003 16:20,34844,458,qcd_056013,-29.6953,151.6936
2546,Central Slopes,Central Slopes,1800,1,90.54,frequent,15.936,10/28/1969 20:15,10/30/1969 2:10,33446,442,qcd_051049,-31.9861,147.9489
2547,Central Slopes,Central Slopes,1800,1,94.97,frequent,15.9581,10/24/1955 1:05,10/25/1955 7:00,34257,451,qcd_055024,-31.0261,150.2687
2552,Central Slopes,Central Slopes,1800,2,107.06,frequent,14.5081,2/22/1975 23:45,2/24/1975 5:40,33559,444,qcd_053048,-29.4819,149.8383
2553,Central Slopes,Central Slopes,1800,2,103.67,frequent,15.7722,1/12/1976 8:10,1/13/1976 14:05,33495,443,qcd_052069,-30.2747,148.8222
2554,Central Slopes,Central Slopes,1800,2,93.67,frequent,17.2192,2/21/2003 6:00,2/22/2003 11:55,75498,1269,qcd_418008_77,-30.171,151.0653
2556,Central Slopes,Central Slopes,1800,2,87.68,frequent,17.5744,2/7/1992 22:10,2/9/1992 4:05,33459,442,qcd_051049,-31.9861,147.9489
2561,Central Slopes,Central Slopes,1800,3,98.15,frequent,15.1987,2/20/1977 16:30,2/21/1977 22:25,34350,452,qcd_055054,-31.0867,150.8467
2562,Central Slopes,Central Slopes,1800,3,96.8,frequent,15.9998,1/6/1974 18:30,1/8/1974 0:25,34348,452,qcd_055054,-31.0867,150.8467
2240,Central Slopes,Central Slopes,1800,1,120.34,intermediate,9.5001,12/11/1991 14:35,12/12/1991 20:30,33569,444,qcd_053048,-29.4819,149.8383
2475,Central Slopes,Central Slopes,1800,3,128.15,intermediate,6.8338,1/25/1974 22:25,1/27/1974 4:20,30317,401,qcd_041140,-27.1864,151.2553
2485,Central Slopes,Central Slopes,1800,2,115.28,intermediate,7.4547,10/1/2003 9:00,10/2/2003 14:55,75310,1264,qcd_416063_77,-29.9281,151.4399
2510,Central Slopes,Central Slopes,1800,2,113,intermediate,9.4688,2/23/1975 2:50,2/24/1975 8:45,35045,459,qcd_056018,-29.7752,151.0819
2537,Central Slopes,Central Slopes,1800,1,100.27,intermediate,13.6008,8/6/1967 5:20,8/7/1967 11:15,41418,536,qcd_063253,-33.3167,149.05
2538,Central Slopes,Central Slopes,1800,1,130.8,intermediate,7.0565,5/19/2009 8:05,5/20/2009 14:00,31428,417,qcd_042094,-27.8828,149.5925
2540,Central Slopes,Central Slopes,1800,2,137,intermediate,7.8316,12/26/2010 5:55,12/27/2010 11:50,31538,419,qcd_042112,-26.6569,150.1819
2541,Central Slopes,Central Slopes,1800,2,134.68,intermediate,4.0683,1/7/1974 7:20,1/8/1974 13:15,33754,447,qcd_054102,-30.3735,150.6723
2543,Central Slopes,Central Slopes,1800,3,109.8,intermediate,12.9599,1/10/2011 7:15,1/11/2011 13:10,30077,398,qcd_041116,-28.9231,151.9306
2544,Central Slopes,Central Slopes,1800,3,116.99,intermediate,8.7651,2/21/2003 8:00,2/22/2003 13:55,75609,1272,qcd_418069_77,-29.6909,150.929
2286,Central Slopes,Central Slopes,1800,3,566.84,rare,0.0468,5/5/1996 3:45,5/6/1996 9:40,110846,1782,qcd_540007_66,-28.2356,152.48
2324,Central Slopes,Central Slopes,1800,1,215.3,rare,0.3345,2/5/1981 19:30,2/7/1981 1:25,30316,401,qcd_041140,-27.1864,151.2553
2357,Central Slopes,Central Slopes,1800,1,166,rare,2.2048,3/1/2010 3:20,3/2/2010 9:15,31429,417,qcd_042094,-27.8828,149.5925
2420,Central Slopes,Central Slopes,1800,3,188.2,rare,1.1738,1/30/2001 6:00,1/31/2001 11:55,33617,445,qcd_053115,-29.4898,149.8471
2516,Central Slopes,Murray Basin,1800,2,193.03,rare,0.6467,2/3/2005 4:35,2/4/2005 10:30,71727,1175,qcd_403227_74,-36.8313,146.3982
2524,Central Slopes,Murray Basin,1800,2,198.88,rare,0.8604,2/2/2005 18:15,2/4/2005 0:10,71984,1181,qcd_403805_74,-36.7896,146.2797
2527,Central Slopes,Murray Basin,1800,2,181.96,rare,0.8998,2/2/2005 17:40,2/3/2005 23:35,71947,1180,qcd_403804_74,-36.7395,146.3397
2531,Central Slopes,Murray Basin,1800,2,122.4,rare,1.1524,2/4/2011 12:05,2/5/2011 18:00,44469,577,qcd_072023,-36.1039,147.0329
2533,Central Slopes,Murray Basin,1800,2,151.35,rare,1.2146,2/2/2005 11:25,2/3/2005 17:20,71556,1171,qcd_403213_74,-36.6185,146.1325
2536,Central Slopes,Murray Basin,1800,2,111.36,rare,1.377,2/2/2005 9:15,2/3/2005 15:10,74088,1233,qcd_409023_77,-35.4344,144.7586
2412,Central Slopes,Central Slopes,2160,3,106,frequent,14.4766,10/6/1997 7:20,10/7/1997 19:15,35262,464,qcd_056140,-29.4684,151.6667
2548,Central Slopes,Central Slopes,2160,1,102.33,frequent,14.6807,10/23/1955 21:10,10/25/1955 9:05,34257,451,qcd_055024,-31.0261,150.2687
2563,Central Slopes,Central Slopes,2160,2,102.37,frequent,15.3819,1/6/1974 20:30,1/8/1974 8:25,34348,452,qcd_055054,-31.0867,150.8467
2578,Central Slopes,Central Slopes,2160,1,108.6,frequent,15.2589,11/25/2001 7:00,11/26/2001 18:55,35055,459,qcd_056018,-29.7752,151.0819
2579,Central Slopes,Central Slopes,2160,1,110.54,frequent,16.6794,1/31/2001 4:25,2/1/2001 16:20,74922,1252,qcd_416023_77,-29.2913,151.9245
2584,Central Slopes,Central Slopes,2160,2,101.21,frequent,15.7349,11/13/2000 18:45,11/15/2000 6:40,75161,1259,qcd_416057_77,-29.8137,151.2636
2585,Central Slopes,Central Slopes,2160,2,104.4,frequent,16.1474,1/15/2004 2:55,1/16/2004 14:50,31023,411,qcd_041525,-28.2061,152.1003
2587,Central Slopes,Central Slopes,2160,2,102.3,frequent,17.3829,3/2/1999 2:20,3/3/1999 14:15,29679,392,qcd_041044,-28.2061,152.1003
2589,Central Slopes,Central Slopes,2160,3,103.74,frequent,17.4585,7/19/1965 7:10,7/20/1965 19:05,29857,394,qcd_041060,-28.0092,151.5861
2590,Central Slopes,Central Slopes,2160,3,89.6,frequent,18.9699,3/1/2012 14:45,3/3/2012 2:40,33449,442,qcd_051049,-31.9861,147.9489
2471,Central Slopes,Central Slopes,2160,2,134.2,intermediate,7.6517,11/24/2011 19:40,11/26/2011 7:35,33624,445,qcd_053115,-29.4898,149.8471
2486,Central Slopes,Central Slopes,2160,1,122.02,intermediate,6.9293,10/1/2003 8:05,10/2/2003 20:00,75310,1264,qcd_416063_77,-29.9281,151.4399
2539,Central Slopes,Central Slopes,2160,2,138.8,intermediate,6.6832,5/19/2009 8:00,5/20/2009 19:55,31428,417,qcd_042094,-27.8828,149.5925
2542,Central Slopes,Central Slopes,2160,2,149.26,intermediate,3.3761,1/7/1974 3:25,1/8/1974 15:20,33754,447,qcd_054102,-30.3735,150.6723
2557,Central Slopes,Central Slopes,2160,2,100.88,intermediate,12.8971,2/7/1992 16:25,2/9/1992 4:20,33459,442,qcd_051049,-31.9861,147.9489
2571,Central Slopes,Central Slopes,2160,1,121,intermediate,7.4168,1/29/1997 3:25,1/30/1997 15:20,34234,451,qcd_055024,-31.0261,150.2687
2572,Central Slopes,Central Slopes,2160,1,108.35,intermediate,9.6103,6/9/1964 5:50,6/10/1964 17:45,40635,527,qcd_062026,-32.8079,149.977
2573,Central Slopes,Central Slopes,2160,3,127.45,intermediate,4.2684,1/23/1976 10:35,1/24/1976 22:30,34468,453,qcd_055136,-30.9672,151.3451
2576,Central Slopes,Central Slopes,2160,3,170.86,intermediate,3.9171,1/30/2001 3:40,1/31/2001 15:35,75540,1270,qcd_418013_77,-29.5819,150.3666
2577,Central Slopes,Central Slopes,2160,3,111.12,intermediate,10.6679,4/3/1950 9:35,4/4/1950 21:30,34209,451,qcd_055024,-31.0261,150.2687
2325,Central Slopes,Central Slopes,2160,1,243.86,rare,0.2119,2/5/1981 20:55,2/7/1981 8:50,30316,401,qcd_041140,-27.1864,151.2553
2358,Central Slopes,Central Slopes,2160,1,185.4,rare,1.567,3/1/2010 1:55,3/2/2010 13:50,31429,417,qcd_042094,-27.8828,149.5925
2421,Central Slopes,Central Slopes,2160,3,204.8,rare,0.9993,1/30/2001 6:00,1/31/2001 17:55,33617,445,qcd_053115,-29.4898,149.8471
2460,Central Slopes,Central Slopes,2160,3,153.61,rare,1.5132,3/31/1959 17:20,4/2/1959 5:15,41416,536,qcd_063253,-33.3167,149.05
2517,Central Slopes,Murray Basin,2160,2,239.87,rare,0.2953,2/2/2005 16:40,2/4/2005 4:35,71727,1175,qcd_403227_74,-36.8313,146.3982
2525,Central Slopes,Murray Basin,2160,2,234.74,rare,0.5591,2/2/2005 16:10,2/4/2005 4:05,71984,1181,qcd_403805_74,-36.7896,146.2797
2528,Central Slopes,Murray Basin,2160,2,210.15,rare,0.6315,2/2/2005 15:30,2/4/2005 3:25,71947,1180,qcd_403804_74,-36.7395,146.3397
2534,Central Slopes,Murray Basin,2160,1,168.42,rare,0.9598,2/2/2005 16:00,2/4/2005 3:55,71556,1171,qcd_403213_74,-36.6185,146.1325
2564,Central Slopes,Murray Basin,2160,3,153.51,rare,0.6629,1/21/1976 2:10,1/22/1976 14:05,40870,530,qcd_063023,-33.8087,148.7071
2567,Central Slopes,Murray Basin,2160,3,140.41,rare,1.0198,12/25/1999 20:05,12/27/1999 8:00,73849,1225,qcd_407288_74,-37.1878,143.5228
2580,Central Slopes,Central Slopes,2880,2,123,frequent,15.462,1/30/2001 16:20,2/1/2001 16:15,74922,1252,qcd_416023_77,-29.2913,151.9245
2591,Central Slopes,Central Slopes,2880,2,101,frequent,15.7158,3/1/2012 11:05,3/3/2012 11:00,33449,442,qcd_051049,-31.9861,147.9489
2599,Central Slopes,Central Slopes,2880,1,108.99,frequent,15.4204,5/13/1977 19:00,5/15/1977 18:55,34238,451,qcd_055024,-31.0261,150.2687
2600,Central Slopes,Central Slopes,2880,1,114.09,frequent,17.92,2/7/1991 15:35,2/9/1991 15:30,30324,401,qcd_041140,-27.1864,151.2553
2601,Central Slopes,Central Slopes,2880,1,109.52,frequent,17.9472,2/9/1969 4:50,2/11/1969 4:45,41422,536,qcd_063253,-33.3167,149.05
2602,Central Slopes,Central Slopes,2880,2,111.34,frequent,16.7233,1/28/1971 19:10,1/30/1971 19:05,33763,447,qcd_054102,-30.3735,150.6723
2603,Central Slopes,Central Slopes,2880,2,119.88,frequent,16.7806,11/13/2000 18:25,11/15/2000 18:20,75357,1265,qcd_416064_77,-29.8801,151.2144
2604,Central Slopes,Central Slopes,2880,3,124.65,frequent,15.0634,2/28/1999 22:20,3/2/1999 22:15,74868,1251,qcd_416020_77,-29.2324,150.7592
2606,Central Slopes,Central Slopes,2880,3,107.91,frequent,15.966,5/11/1968 5:45,5/13/1968 5:40,34235,451,qcd_055024,-31.0261,150.2687
2607,Central Slopes,Central Slopes,2880,3,116.6,frequent,16.0023,4/19/1990 0:25,4/21/1990 0:20,35049,459,qcd_056018,-29.7752,151.0819
2212,Central Slopes,Central Slopes,2880,2,153.2,intermediate,6.2266,3/13/2004 0:15,3/15/2004 0:10,31185,413,qcd_042027,-28.4872,149.47
2241,Central Slopes,Central Slopes,2880,1,143.24,intermediate,8.1149,12/10/1991 22:15,12/12/1991 22:10,33569,444,qcd_053048,-29.4819,149.8383
2377,Central Slopes,Central Slopes,2880,1,164.4,intermediate,3.5208,2/4/2008 17:10,2/6/2008 17:05,30979,410,qcd_041522,-27.1605,151.2634
2416,Central Slopes,Central Slopes,2880,3,124.8,intermediate,8.6753,11/18/2000 7:35,11/20/2000 7:30,34663,456,qcd_055302,-31.3556,151.1358
2445,Central Slopes,Central Slopes,2880,1,151.74,intermediate,4.1149,1/22/1976 22:45,1/24/1976 22:40,34358,452,qcd_055054,-31.0867,150.8467
2449,Central Slopes,Central Slopes,2880,2,152.29,intermediate,4.5462,5/1/1996 14:20,5/3/1996 14:15,29867,394,qcd_041060,-28.0092,151.5861
2492,Central Slopes,Central Slopes,2880,3,122.81,intermediate,11.7211,12/20/1956 12:40,12/22/1956 12:35,29675,392,qcd_041044,-28.2061,152.1003
2586,Central Slopes,Central Slopes,2880,2,123,intermediate,11.648,1/14/2004 16:45,1/16/2004 16:40,31023,411,qcd_041525,-28.2061,152.1003
2588,Central Slopes,Central Slopes,2880,2,123.48,intermediate,11.4653,3/1/1999 15:50,3/3/1999 15:45,29679,392,qcd_041044,-28.2061,152.1003
2598,Central Slopes,Central Slopes,2880,3,149.4,intermediate,5.3562,1/9/2011 11:55,1/11/2011 11:50,30526,403,qcd_041359,-27.4034,151.7413
2191,Central Slopes,Central Slopes,2880,2,178.6,rare,1.6539,2/13/1997 17:40,2/15/1997 17:35,31487,418,qcd_042102,-27.9364,150.1425
2465,Central Slopes,Central Slopes,2880,1,169.12,rare,2.9308,5/1/1983 4:10,5/3/1983 4:05,30422,402,qcd_041175,-28.6217,151.9533
2518,Central Slopes,Murray Basin,2880,2,297.49,rare,0.1697,2/2/2005 10:35,2/4/2005 10:30,71727,1175,qcd_403227_74,-36.8313,146.3982
2526,Central Slopes,Murray Basin,2880,2,273.85,rare,0.4813,2/2/2005 9:55,2/4/2005 9:50,71984,1181,qcd_403805_74,-36.7896,146.2797
2529,Central Slopes,Murray Basin,2880,2,260.96,rare,0.3555,2/2/2005 11:05,2/4/2005 11:00,71947,1180,qcd_403804_74,-36.7395,146.3397
2535,Central Slopes,Murray Basin,2880,2,205.78,rare,0.57,2/2/2005 10:55,2/4/2005 10:50,71556,1171,qcd_403213_74,-36.6185,146.1325
2574,Central Slopes,Central Slopes,2880,3,153.09,rare,2.6372,1/23/1976 2:45,1/25/1976 2:40,34468,453,qcd_055136,-30.9672,151.3451
2592,Central Slopes,Central Slopes,2880,2,184.2,rare,1.8059,1/30/2001 13:45,2/1/2001 13:40,74769,1249,qcd_416008_77,-29.2179,151.3838
2596,Central Slopes,Murray Basin,2880,2,253.96,rare,0.5911,2/2/2005 12:20,2/4/2005 12:15,71915,1179,qcd_403803_74,-36.7476,146.5361
2597,Central Slopes,Murray Basin,2880,2,172.54,rare,0.6441,2/2/2005 14:40,2/4/2005 14:35,71638,1173,qcd_403224_74,-36.515,146.4483
2667,Central Slopes,Central Slopes,4320,1,128.2,frequent,14.491,1/14/2004 3:30,1/17/2004 3:25,34865,458,qcd_056013,-29.6953,151.6936
2670,Central Slopes,Central Slopes,4320,1,131.33,frequent,15.2383,12/6/1970 21:00,12/9/1970 20:55,30328,401,qcd_041140,-27.1864,151.2553
2671,Central Slopes,Central Slopes,4320,1,116.01,frequent,22.2284,10/15/1954 12:45,10/18/1954 12:40,29680,392,qcd_041044,-28.2061,152.1003
2672,Central Slopes,Central Slopes,4320,2,132.4,frequent,14.5976,3/26/2002 21:55,3/29/2002 21:50,35063,459,qcd_056018,-29.7752,151.0819
2673,Central Slopes,Central Slopes,4320,2,117.25,frequent,15.8578,1/29/1971 0:35,2/1/1971 0:30,34362,452,qcd_055054,-31.0867,150.8467
2676,Central Slopes,Central Slopes,4320,2,106.8,frequent,15.9077,11/16/2000 9:35,11/19/2000 9:30,41784,540,qcd_065035,-32.5059,148.9708
2677,Central Slopes,Central Slopes,4320,2,129.6,frequent,16.9161,2/28/1999 12:10,3/3/1999 12:05,32146,425,qcd_043090,-27.9067,148.6514
2678,Central Slopes,Central Slopes,4320,3,134.71,frequent,17.5778,1/21/1976 21:50,1/24/1976 21:45,32775,433,qcd_044140,-26.8033,147.8742
2680,Central Slopes,Central Slopes,4320,3,186.86,frequent,17.6404,5/2/2000 15:50,5/5/2000 15:45,41664,539,qcd_064046,-31.2886,149.0687
2681,Central Slopes,Central Slopes,4320,3,125.2,frequent,17.8887,6/27/2005 1:10,6/30/2005 1:05,33621,445,qcd_053115,-29.4898,149.8471
2507,Central Slopes,Central Slopes,4320,1,146.4,intermediate,7.0768,2/2/2008 17:55,2/5/2008 17:50,30255,400,qcd_041139,-28.1672,150.6475
2558,Central Slopes,Central Slopes,4320,3,132.46,intermediate,8.6124,2/6/1992 4:30,2/9/1992 4:25,33459,442,qcd_051049,-31.9861,147.9489
2605,Central Slopes,Central Slopes,4320,3,153.09,intermediate,10.5054,2/28/1999 12:20,3/3/1999 12:15,74868,1251,qcd_416020_77,-29.2324,150.7592
2656,Central Slopes,Central Slopes,4320,1,123.01,intermediate,12.9666,2/7/1973 12:45,2/10/1973 12:40,40942,531,qcd_063035,-33.0362,149.4146
2658,Central Slopes,Central Slopes,4320,2,166.12,intermediate,4.0386,2/23/1955 16:40,2/26/1955 16:35,35056,459,qcd_056018,-29.7752,151.0819
2659,Central Slopes,Central Slopes,4320,2,141.58,intermediate,12.1275,1/18/1995 4:20,1/21/1995 4:15,33574,444,qcd_053048,-29.4819,149.8383
2660,Central Slopes,Central Slopes,4320,2,136.09,intermediate,6.1065,1/21/1976 17:40,1/24/1976 17:35,41772,540,qcd_065035,-32.5059,148.9708
2661,Central Slopes,Central Slopes,4320,2,209.2,intermediate,12.0331,11/17/2000 5:45,11/20/2000 5:40,41677,539,qcd_064046,-31.2886,149.0687
2664,Central Slopes,Central Slopes,4320,3,171.8,intermediate,4.149,1/11/2004 22:45,1/14/2004 22:40,32192,426,qcd_043091,-26.5474,148.7716
2666,Central Slopes,Central Slopes,4320,2,219,intermediate,10.1376,12/25/2009 9:35,12/28/2009 9:30,41666,539,qcd_064046,-31.2886,149.0687
2472,Central Slopes,Central Slopes,4320,3,215.4,rare,1.9828,11/23/2011 5:10,11/26/2011 5:05,33624,445,qcd_053115,-29.4898,149.8471
2608,Central Slopes,Central Slopes,4320,3,169.3,rare,2.6721,1/14/2004 8:15,1/17/2004 8:10,75703,1274,qcd_419016_77,-31.0598,151.1265
2616,Central Slopes,Murray Basin,4320,3,162.2,rare,0.9132,1/11/2011 8:20,1/14/2011 8:15,47356,609,qcd_081038,-36.9422,143.4711
2622,Central Slopes,Murray Basin,4320,3,175,rare,1.1377,1/11/2011 10:00,1/14/2011 9:55,54259,689,qcd_088037,-37.2535,144.3825
2628,Central Slopes,Murray Basin,4320,2,136.4,rare,1.5694,1/11/2011 10:20,1/14/2011 10:15,45989,594,qcd_077095,-35.6704,142.2688
2629,Central Slopes,Murray Basin,4320,2,260.5,rare,1.5901,8/26/1974 2:25,8/29/1974 2:20,128573,2023,qcd_570968_2,-35.7438,149.2772
2631,Central Slopes,Murray Basin,4320,1,179.88,rare,2.0143,2/22/1977 10:10,2/25/1977 10:05,128731,2024,qcd_570970_2,-35.5731,149.0683
2636,Central Slopes,Murray Basin,4320,2,167.99,rare,2.0612,3/17/1950 15:50,3/20/1950 15:45,43871,569,qcd_070015,-35.3,149.1
2645,Central Slopes,Murray Basin,4320,3,132.6,rare,2.8213,1/11/2011 9:55,1/14/2011 9:50,47674,613,qcd_081123,-36.7395,144.3266
2647,Central Slopes,Murray Basin,4320,1,127.42,rare,3.1613,4/8/1974 14:25,4/11/1974 14:20,44947,582,qcd_072150,-35.1583,147.4575
2549,Central Slopes,Central Slopes,5760,3,128.55,frequent,14.5242,10/21/1955 13:00,10/25/1955 12:55,34257,451,qcd_055024,-31.0261,150.2687
2674,Central Slopes,Central Slopes,5760,3,125.82,frequent,14.5902,1/28/1971 3:50,2/1/1971 3:45,34362,452,qcd_055054,-31.0867,150.8467
2700,Central Slopes,Central Slopes,5760,1,132.08,frequent,17.9239,1/13/2004 9:45,1/17/2004 9:40,75244,1262,qcd_416061_77,-29.8748,151.4682
2702,Central Slopes,Central Slopes,5760,1,117.2,frequent,26.9123,2/13/2009 15:45,2/17/2009 15:40,33625,445,qcd_053115,-29.4898,149.8471
2703,Central Slopes,Central Slopes,5760,1,93.09,frequent,56.487,5/11/1960 21:30,5/15/1960 21:25,41432,536,qcd_063253,-33.3167,149.05
2704,Central Slopes,Central Slopes,5760,2,127.2,frequent,20.1084,12/23/1968 3:15,12/27/1968 3:10,41428,536,qcd_063253,-33.3167,149.05
2705,Central Slopes,Central Slopes,5760,2,103,frequent,23.1682,11/27/2010 23:10,12/1/2010 23:05,33457,442,qcd_051049,-31.9861,147.9489
2706,Central Slopes,Central Slopes,5760,2,170,frequent,29.9439,7/17/1998 18:50,7/21/1998 18:45,41663,539,qcd_064046,-31.2886,149.0687
2707,Central Slopes,Central Slopes,5760,2,109.28,frequent,34.771,12/19/1975 7:40,12/23/1975 7:35,30330,401,qcd_041140,-27.1864,151.2553
2709,Central Slopes,Central Slopes,5760,3,126.43,frequent,15.3575,11/18/1960 2:35,11/22/1960 2:30,34246,451,qcd_055024,-31.0261,150.2687
2555,Central Slopes,Central Slopes,5760,3,148.23,intermediate,9.5941,2/18/2003 12:00,2/22/2003 11:55,75498,1269,qcd_418008_77,-30.171,151.0653
2559,Central Slopes,Central Slopes,5760,3,142.68,intermediate,8.0998,2/5/1992 4:30,2/9/1992 4:25,33459,442,qcd_051049,-31.9861,147.9489
2581,Central Slopes,Central Slopes,5760,1,160.99,intermediate,11.166,1/30/2001 16:05,2/3/2001 16:00,74922,1252,qcd_416023_77,-29.2913,151.9245
2657,Central Slopes,Central Slopes,5760,2,136.55,intermediate,10.6369,2/7/1973 12:40,2/11/1973 12:35,40942,531,qcd_063035,-33.0362,149.4146
2662,Central Slopes,Central Slopes,5760,2,232.8,intermediate,10.3813,11/16/2000 5:50,11/20/2000 5:45,41677,539,qcd_064046,-31.2886,149.0687
2668,Central Slopes,Central Slopes,5760,1,144.6,intermediate,10.9496,1/13/2004 12:20,1/17/2004 12:15,34865,458,qcd_056013,-29.6953,151.6936
2696,Central Slopes,Central Slopes,5760,2,169.2,intermediate,7.7438,2/11/1997 14:45,2/15/1997 14:40,31438,417,qcd_042094,-27.8828,149.5925
2697,Central Slopes,Central Slopes,5760,2,176.21,intermediate,7.5215,1/20/1976 20:50,1/24/1976 20:45,41300,534,qcd_063108,-33.7167,149.8667
2698,Central Slopes,Central Slopes,5760,2,167.14,intermediate,10.952,10/15/1954 2:25,10/19/1954 2:20,33646,446,qcd_054036,-29.2443,150.8923
2699,Central Slopes,Central Slopes,5760,3,213.6,intermediate,14.1076,11/28/2010 2:00,12/2/2010 1:55,41672,539,qcd_064046,-31.2886,149.0687
2287,Central Slopes,Central Slopes,5760,3,868.17,rare,0.029,5/2/1996 11:40,5/6/1996 11:35,110846,1782,qcd_540007_66,-28.2356,152.48
2593,Central Slopes,Central Slopes,5760,3,214.19,rare,1.7477,1/28/2001 13:45,2/1/2001 13:40,74769,1249,qcd_416008_77,-29.2179,151.3838
2617,Central Slopes,Murray Basin,5760,2,183.8,rare,0.6736,1/10/2011 6:55,1/14/2011 6:50,47356,609,qcd_081038,-36.9422,143.4711
2623,Central Slopes,Murray Basin,5760,3,192.6,rare,0.925,1/10/2011 8:10,1/14/2011 8:05,54259,689,qcd_088037,-37.2535,144.3825
2637,Central Slopes,Murray Basin,5760,1,197.02,rare,1.1367,3/18/1950 17:45,3/22/1950 17:40,43871,569,qcd_070015,-35.3,149.1
2665,Central Slopes,Central Slopes,5760,2,191.8,rare,3.081,1/11/2004 20:30,1/15/2004 20:25,32192,426,qcd_043091,-26.5474,148.7716
2682,Central Slopes,Murray Basin,5760,2,207.04,rare,0.6667,3/11/1989 12:50,3/15/1989 12:45,124956,2001,qcd_570904_75,-35.1615,149.1343
2686,Central Slopes,Murray Basin,5760,3,187.32,rare,1.3871,3/11/1989 6:55,3/15/1989 6:50,129600,2032,qcd_570987_75,-35.2142,149.0939
2690,Central Slopes,Murray Basin,5760,3,183.63,rare,1.705,3/11/1989 5:25,3/15/1989 5:20,130088,2037,qcd_570996_75,-35.2247,149.065
2693,Central Slopes,Murray Basin,5760,2,171.68,rare,1.984,2/2/2002 21:00,2/6/2002 20:55,126983,2011,qcd_570942_166,-35.2483,149.1297
2679,Central Slopes,Central Slopes,7200,3,153.29,frequent,16.3322,1/19/1976 16:00,1/24/1976 15:55,32775,433,qcd_044140,-26.8033,147.8742
2701,Central Slopes,Central Slopes,7200,2,142.35,frequent,15.4986,1/12/2004 9:40,1/17/2004 9:35,75244,1262,qcd_416061_77,-29.8748,151.4682
2708,Central Slopes,Central Slopes,7200,2,126.71,frequent,24.6308,12/18/1975 21:50,12/23/1975 21:45,30330,401,qcd_041140,-27.1864,151.2553
2768,Central Slopes,Central Slopes,7200,1,127.14,frequent,30.9809,5/10/1968 9:05,5/15/1968 9:00,41304,534,qcd_063108,-33.7167,149.8667
2769,Central Slopes,Central Slopes,7200,1,108.8,frequent,36.3881,2/13/2009 16:25,2/18/2009 16:20,33776,447,qcd_054102,-30.3735,150.6723
2771,Central Slopes,Central Slopes,7200,1,100.6,frequent,37.8628,11/14/2000 2:50,11/19/2000 2:45,34724,457,qcd_055327,-31.1259,150.8323
2773,Central Slopes,Central Slopes,7200,2,133.6,frequent,14.5644,4/1/1999 7:20,4/6/1999 7:15,34719,457,qcd_055327,-31.1259,150.8323
2774,Central Slopes,Central Slopes,7200,2,111.6,frequent,24.8685,11/2/1984 23:25,11/7/1984 23:20,34363,452,qcd_055054,-31.0867,150.8467
2775,Central Slopes,Central Slopes,7200,3,143.65,frequent,14.5434,11/16/1995 5:25,11/21/1995 5:20,30536,403,qcd_041359,-27.4034,151.7413
2777,Central Slopes,Central Slopes,7200,3,134.44,frequent,17.883,1/26/1978 21:40,1/31/1978 21:35,33774,447,qcd_054102,-30.3735,150.6723
2550,Central Slopes,Central Slopes,7200,3,139.43,intermediate,12.3672,10/20/1955 16:20,10/25/1955 16:15,34257,451,qcd_055024,-31.0261,150.2687
2560,Central Slopes,Central Slopes,7200,2,152.69,intermediate,7.2687,2/4/1992 15:30,2/9/1992 15:25,33459,442,qcd_051049,-31.9861,147.9489
2582,Central Slopes,Central Slopes,7200,3,176.03,intermediate,9.0786,1/28/2001 13:20,2/2/2001 13:15,74922,1252,qcd_416023_77,-29.2913,151.9245
2663,Central Slopes,Central Slopes,7200,3,273.6,intermediate,6.6797,11/15/2000 5:45,11/20/2000 5:40,41677,539,qcd_064046,-31.2886,149.0687
2669,Central Slopes,Central Slopes,7200,2,158,intermediate,8.2558,1/12/2004 9:40,1/17/2004 9:35,34865,458,qcd_056013,-29.6953,151.6936
2675,Central Slopes,Central Slopes,7200,3,134.01,intermediate,13.0565,1/27/1971 6:15,2/1/1971 6:10,34362,452,qcd_055054,-31.0867,150.8467
2753,Central Slopes,Central Slopes,7200,1,202.22,intermediate,4.3588,2/7/1973 11:40,2/12/1973 11:35,41311,534,qcd_063108,-33.7167,149.8667
2756,Central Slopes,Central Slopes,7200,3,202,intermediate,3.4862,1/6/2011 5:45,1/11/2011 5:40,30538,403,qcd_041359,-27.4034,151.7413
2760,Central Slopes,Central Slopes,7200,3,143.2,intermediate,13.84,2/17/2003 18:20,2/22/2003 18:15,34864,458,qcd_056013,-29.6953,151.6936
2761,Central Slopes,Murray Basin,7200,2,209.12,intermediate,3.521,4/13/1956 19:00,4/18/1956 18:55,49002,625,qcd_083033,-37.5696,146.2541
2288,Central Slopes,Central Slopes,7200,3,1032.27,rare,0.0095,5/1/1996 9:30,5/6/1996 9:25,110846,1782,qcd_540007_66,-28.2356,152.48
2609,Central Slopes,Central Slopes,7200,3,217.89,rare,1.3271,1/12/2004 8:15,1/17/2004 8:10,75703,1274,qcd_419016_77,-31.0598,151.1265
2638,Central Slopes,Murray Basin,7200,1,253.98,rare,0.3154,3/17/1950 17:15,3/22/1950 17:10,43871,569,qcd_070015,-35.3,149.1
2648,Central Slopes,Murray Basin,7200,2,149.62,rare,2.0758,4/6/1974 15:15,4/11/1974 15:10,44947,582,qcd_072150,-35.1583,147.4575
2687,Central Slopes,Murray Basin,7200,2,196.74,rare,1.2694,3/10/1989 15:10,3/15/1989 15:05,129600,2032,qcd_570987_75,-35.2142,149.0939
2691,Central Slopes,Murray Basin,7200,2,195.72,rare,1.4396,3/10/1989 14:40,3/15/1989 14:35,130088,2037,qcd_570996_75,-35.2247,149.065
2710,Central Slopes,Murray Basin,7200,3,214.32,rare,1.8714,6/6/1995 4:35,6/11/1995 4:30,71855,1177,qcd_403233_74,-36.7215,146.882
2720,Central Slopes,Murray Basin,7200,1,140.27,rare,2.6136,7/12/1964 0:35,7/17/1964 0:30,44669,579,qcd_072060,-36.2254,148.1431
2733,Central Slopes,East Coast (South),7200,3,363.55,rare,0.7276,6/9/1967 12:20,6/14/1967 12:15,35463,467,qcd_057056,-30.75,152.0667
2748,Central Slopes,East Coast (South),7200,3,708.85,rare,1.4194,6/7/1991 0:50,6/12/1991 0:45,118834,1917,qcd_568070_231,-34.5542,150.5694
2778,Central Slopes,Central Slopes,8640,3,146.76,frequent,14.576,1/25/1978 17:50,1/31/1978 17:45,33774,447,qcd_054102,-30.3735,150.6723
2815,Central Slopes,Central Slopes,8640,1,101.8,frequent,29.7461,12/23/1999 15:10,12/29/1999 15:05,41783,540,qcd_065035,-32.5059,148.9708
2816,Central Slopes,Central Slopes,8640,1,104.2,frequent,41.5531,10/24/2000 15:50,10/30/2000 15:45,32237,427,qcd_043109,-28.0489,148.5942
2817,Central Slopes,Central Slopes,8640,1,147.8,frequent,51.3509,10/13/2000 7:35,10/19/2000 7:30,41602,539,qcd_064046,-31.2886,149.0687
2818,Central Slopes,Central Slopes,8640,2,132.2,frequent,18.6379,1/11/2004 16:15,1/17/2004 16:10,30263,400,qcd_041139,-28.1672,150.6475
2819,Central Slopes,Central Slopes,8640,2,139.8,frequent,19.3022,1/28/2001 16:45,2/3/2001 16:40,31110,412,qcd_042016,-27.3411,150.0619
2821,Central Slopes,Central Slopes,8640,2,128.19,frequent,30.1009,1/19/1976 11:40,1/25/1976 11:35,31836,421,qcd_043020,-26.4888,147.9777
2822,Central Slopes,Central Slopes,8640,2,122.63,frequent,31.6449,12/17/1975 18:25,12/23/1975 18:20,31109,412,qcd_042016,-27.3411,150.0619
2823,Central Slopes,Central Slopes,8640,3,144,frequent,15.6126,9/19/2010 16:25,9/25/2010 16:20,30159,399,qcd_041122,-28.5725,150.7542
2824,Central Slopes,Central Slopes,8640,3,138.8,frequent,17.5474,12/5/2004 0:50,12/11/2004 0:45,33772,447,qcd_054102,-30.3735,150.6723
2551,Central Slopes,Central Slopes,8640,3,157.39,intermediate,8.4947,10/19/1955 9:10,10/25/1955 9:05,34257,451,qcd_055024,-31.0261,150.2687
2583,Central Slopes,Central Slopes,8640,2,187.65,intermediate,7.4554,1/28/2001 13:55,2/3/2001 13:50,74922,1252,qcd_416023_77,-29.2913,151.9245
2776,Central Slopes,Central Slopes,8640,2,149.43,intermediate,13.708,11/15/1995 13:00,11/21/1995 12:55,30536,403,qcd_041359,-27.4034,151.7413
2801,Central Slopes,Central Slopes,8640,2,138.22,intermediate,13.3151,12/4/2004 21:20,12/10/2004 21:15,76036,1282,qcd_419084_77,-31.0352,150.3339
2802,Central Slopes,Central Slopes,8640,2,139.99,intermediate,12.9382,1/11/2004 7:25,1/17/2004 7:20,75164,1259,qcd_416057_77,-29.8137,151.2636
2803,Central Slopes,Central Slopes,8640,3,149.98,intermediate,13.4574,3/9/1956 1:25,3/15/1956 1:20,41431,536,qcd_063253,-33.3167,149.05
2805,Central Slopes,Central Slopes,8640,3,203,intermediate,4.4948,1/5/2011 16:20,1/11/2011 16:15,30432,402,qcd_041175,-28.6217,151.9533
2807,Central Slopes,Central Slopes,8640,3,185.8,intermediate,4.2194,11/14/2000 7:30,11/20/2000 7:25,34666,456,qcd_055302,-31.3556,151.1358
2810,Central Slopes,Central Slopes,8640,3,156.5,intermediate,8.6918,11/16/1950 2:05,11/22/1950 2:00,34261,451,qcd_055024,-31.0261,150.2687
2812,Central Slopes,Murray Basin,8640,3,146.78,intermediate,3.4623,4/6/1974 16:40,4/12/1974 16:35,44816,581,qcd_072099,-35.9111,148.2167
2289,Central Slopes,Central Slopes,8640,3,1132.21,rare,0.0056,4/30/1996 15:45,5/6/1996 15:40,110846,1782,qcd_540007_66,-28.2356,152.48
2649,Central Slopes,Murray Basin,8640,2,154.36,rare,2.0622,4/6/1974 15:15,4/12/1974 15:10,44947,582,qcd_072150,-35.1583,147.4575
2711,Central Slopes,Murray Basin,8640,2,233.71,rare,1.2001,6/6/1995 2:45,6/12/1995 2:40,71855,1177,qcd_403233_74,-36.7215,146.882
2721,Central Slopes,Murray Basin,8640,2,146.31,rare,2.2048,7/10/1964 23:15,7/16/1964 23:10,44669,579,qcd_072060,-36.2254,148.1431
2734,Central Slopes,East Coast (South),8640,3,392.89,rare,0.4541,6/8/1967 0:10,6/14/1967 0:05,35463,467,qcd_057056,-30.75,152.0667
2757,Central Slopes,Central Slopes,8640,3,225.2,rare,2.1938,1/5/2011 11:55,1/11/2011 11:50,30538,403,qcd_041359,-27.4034,151.7413
2762,Central Slopes,Murray Basin,8640,2,230.68,rare,2.4381,4/13/1956 19:00,4/19/1956 18:55,49002,625,qcd_083033,-37.5696,146.2541
2780,Central Slopes,Central Slopes,8640,3,189,rare,2.8478,1/11/2004 8:45,1/17/2004 8:40,34484,453,qcd_055136,-30.9672,151.3451
2786,Central Slopes,East Coast (South),8640,3,293.8,rare,0.5666,1/28/2001 10:45,2/3/2001 10:40,35780,470,qcd_057103,-30.0093,152.0101
2795,Central Slopes,East Coast (South),8640,3,369.6,rare,0.6455,1/5/2011 16:45,1/11/2011 16:40,35365,465,qcd_056202,-28.9776,152.1552
2770,Central Slopes,Central Slopes,10080,2,116.8,frequent,34.8585,2/10/2009 18:35,2/17/2009 18:30,33776,447,qcd_054102,-30.3735,150.6723
2772,Central Slopes,Central Slopes,10080,2,113,frequent,31.2328,11/12/2000 12:15,11/19/2000 12:10,34724,457,qcd_055327,-31.1259,150.8323
2820,Central Slopes,Central Slopes,10080,3,141,frequent,19.0382,1/27/2001 20:15,2/3/2001 20:10,31110,412,qcd_042016,-27.3411,150.0619
2869,Central Slopes,Central Slopes,10080,1,90.35,frequent,51.1726,7/21/1950 5:00,7/28/1950 4:55,34260,451,qcd_055024,-31.0261,150.2687
2870,Central Slopes,Central Slopes,10080,1,95.01,frequent,52.5849,11/2/2004 13:50,11/9/2004 13:45,75911,1279,qcd_419035_77,-31.2711,150.9158
2871,Central Slopes,Central Slopes,10080,1,87.4,frequent,59.8195,6/25/2003 16:45,7/2/2003 16:40,32238,427,qcd_043109,-28.0489,148.5942
2872,Central Slopes,Central Slopes,10080,2,139.4,frequent,21.1044,1/10/2004 15:45,1/17/2004 15:40,35072,459,qcd_056018,-29.7752,151.0819
2873,Central Slopes,Central Slopes,10080,2,117.97,frequent,33.9074,1/24/1971 20:15,1/31/1971 20:10,33578,444,qcd_053048,-29.4819,149.8383
2874,Central Slopes,Central Slopes,10080,3,138.62,frequent,20.0657,2/7/1988 10:05,2/14/1988 10:00,29870,394,qcd_041060,-28.0092,151.5861
2875,Central Slopes,Central Slopes,10080,3,99.45,frequent,34.2885,3/27/1989 1:20,4/3/1989 1:15,41785,540,qcd_065035,-32.5059,148.9708
2400,Central Slopes,Central Slopes,10080,3,171.82,intermediate,4.5846,1/7/2004 16:05,1/14/2004 16:00,75196,1261,qcd_416059_77,-29.8065,151.4197
2754,Central Slopes,Central Slopes,10080,2,209.27,intermediate,3.8753,2/7/1973 11:40,2/14/1973 11:35,41311,534,qcd_063108,-33.7167,149.8667
2779,Central Slopes,Central Slopes,10080,3,164.33,intermediate,9.8716,1/24/1978 23:25,1/31/1978 23:20,33774,447,qcd_054102,-30.3735,150.6723
2804,Central Slopes,Central Slopes,10080,3,178.24,intermediate,5.9336,3/8/1956 8:20,3/15/1956 8:15,41431,536,qcd_063253,-33.3167,149.05
2808,Central Slopes,Central Slopes,10080,3,195,intermediate,3.5392,11/13/2000 7:35,11/20/2000 7:30,34666,456,qcd_055302,-31.3556,151.1358
2811,Central Slopes,Central Slopes,10080,3,171.34,intermediate,6.2308,11/15/1950 14:05,11/22/1950 14:00,34261,451,qcd_055024,-31.0261,150.2687
2858,Central Slopes,Murray Basin,10080,2,155.81,intermediate,3.7281,1/30/1973 12:10,2/6/1973 12:05,54011,687,qcd_088023,-37.2313,145.9124
2861,Central Slopes,Murray Basin,10080,3,120.44,intermediate,9.0661,11/29/1995 14:00,12/6/1995 13:55,70971,1160,qcd_401009_77,-35.9256,148.0999
2865,Central Slopes,Murray Basin,10080,2,164.17,intermediate,9.476,6/27/1980 9:10,7/4/1980 9:05,48886,624,qcd_083031,-36.7513,146.4156
2867,Central Slopes,Murray Basin,10080,2,120.18,intermediate,9.8124,11/5/1970 16:35,11/12/1970 16:30,44948,582,qcd_072150,-35.1583,147.4575
2610,Central Slopes,Central Slopes,10080,3,228.48,rare,1.156,1/10/2004 8:15,1/17/2004 8:10,75703,1274,qcd_419016_77,-31.0598,151.1265
2722,Central Slopes,Murray Basin,10080,1,154.5,rare,1.5358,7/10/1964 13:55,7/17/1964 13:50,44669,579,qcd_072060,-36.2254,148.1431
2735,Central Slopes,East Coast (South),10080,3,453.15,rare,0.1591,6/7/1967 4:20,6/14/1967 4:15,35463,467,qcd_057056,-30.75,152.0667
2787,Central Slopes,East Coast (South),10080,2,301.4,rare,0.4944,1/28/2001 10:35,2/4/2001 10:30,35780,470,qcd_057103,-30.0093,152.0101
2796,Central Slopes,East Coast (South),10080,3,376.2,rare,0.5969,1/5/2011 13:20,1/12/2011 13:15,35365,465,qcd_056202,-28.9776,152.1552
2825,Central Slopes,Central Slopes,10080,3,208.66,rare,1.5541,3/8/1956 21:30,3/15/1956 21:25,40642,527,qcd_062026,-32.8079,149.977
2829,Central Slopes,Murray Basin,10080,3,215.74,rare,2.7843,5/23/1999 19:40,5/30/1999 19:35,71509,1170,qcd_403205_74,-36.7267,146.9567
2834,Central Slopes,East Coast (South),10080,2,334.54,rare,2.6214,2/2/1990 3:50,2/9/1990 3:45,42727,552,qcd_067033,-33.6022,150.7794
2839,Central Slopes,East Coast (North),10080,1,958.57,rare,0.6531,12/28/1990 16:35,1/4/1991 16:30,110012,1764,qcd_533011_66,-21.4797,148.8283
2854,Central Slopes,East Coast (North),10080,1,595.23,rare,1.0865,5/1/1996 0:05,5/8/1996 0:00,26738,351,qcd_040223,-27.4178,153.1142
